title,id,link,date
industrial electrician,sj_7cba7a465e6641fe,https://ie.indeed.com/pagead/clk?mo=r&ad=-6NYlbfkN0AnEYSss4eDbTLySY2p2efwzP3CilC5Xfeyf166GCcN9JJMj_EWM2A3xodspN8Pi50AQZK4e0X589pQszonXkMkH0RQ88koQVn7ZT1ssPBpQ_NkkqQhHLy474KArTvD5gBqTeIgUZnCJu_dKf5oe4HAkKcLEP2oyZYldxw_5f6gvn14xcRPMRza8-QyIqzv0byDd4PvDXXzJE4qOMdLC5mFAHmK1MYBMw5p7DiJwb-0l9Wn2nPXXR0fXfDw3ZGgpTK2fEod5hefk8SHbbBTg5XXqH-cqkCUwZQ9x2EWDy0u4UzQIublT1xvmjgu6FKChkkSwYiOeLdBpClFaBomH_21iQ0g5LHJAjhpQKbe5Rsk1qWO2CAoxB8uzG0hGry5nE_Kk10xn7b1s6IhQqZOo55YeLj-GzbQ2w-DTtb3Sp4X3C8eZfASRrQDZn5dl8gS8f63CC-Vla0OSTSqrKEexz5CHQ9huC6i-HpqLL5cp0JRmXoTInszOBMVKdAONBilh2S8z-AKr5sldSdsgOg8u-rA4qQggC-Z_S6yGMKpGlEqi3SmevB2y9AV74UJrhYkGLBICcE3LTwSgJcgH953pBiTYB-Ykz2oCw3HwOcSIklmmHLJtX1pEGpD9CH-Kc449-wE79tKz3lqJA==&xkcb=SoBz6_M3G51AfAR9Np0LbzkdCdPP&p=0&fvj=1&vjs=3,Just posted
apprentice electrician,job_a6937c5385359d51,https://ie.indeed.com/rc/clk?jk=a6937c5385359d51&bb=j7vMUYt2-bi_4MmLfG7BPwbndCrrWJzJhXCu32Q571yx9H_OeNsgAGawfb_SkW2e4AVoT8Q2rWmlax6AWUD7itP5hv9nZ_uvuhRkI_-Y07E%3D&xkcb=SoAz67M3G51AfAR9Np0KbzkdCdPP&fccid=c021a655a4b9e800&cmp=STS-Group&ti=Apprentice+Electrician&vjs=3,Just posted
electrical testing technician | dublin,job_03057b6d4c356ce9,https://ie.indeed.com/rc/clk?jk=03057b6d4c356ce9&bb=j7vMUYt2-bi_4MmLfG7BP1o9CKqsrsaDUNRvRLj2IqSOMcJJ1AfH5Caal1Cj23MnGi7C-xogTvDz9Irr6NsrQZ-rUCmvygCJXUUgJjqHvn4%3D&xkcb=SoCu67M3G51AfAR9Np0JbzkdCdPP&fccid=b04fec0ea0b06200&vjs=3,Just posted
electrician - limerick,job_65a55a6ea3a1d318,https://ie.indeed.com/rc/clk?jk=65a55a6ea3a1d318&bb=j7vMUYt2-bi_4MmLfG7BP_288XVnk0P_gT-O2-dOnafo-YMWiLvV0HOnWLhaVI-NB0gaNQAPzN1kZqzcPT7XQXrr6GkBzGVNtRpgHGK7bTU%3D&xkcb=SoAa67M3G51AfAR9Np0IbzkdCdPP&fccid=e131b9c79612b8f4&vjs=3,Just posted
electrician,job_05914539487f3de9,https://ie.indeed.com/rc/clk?jk=05914539487f3de9&bb=j7vMUYt2-bi_4MmLfG7BPyiaEgwg5ysGuqd0t5tO6tqTKamxCH8GAGL02-cidHcBYwoOP8OeRZQoxKxcJn7GRbT7dCCsaOm8xTBDq5txLxY%3D&xkcb=SoCU67M3G51AfAR9Np0PbzkdCdPP&fccid=9fe63562b7c172e5&cmp=Aramark-IE-Head-Office&ti=Electrician&vjs=3,Today
data centre electrician,job_55b55d14546f7ad2,https://ie.indeed.com/rc/clk?jk=55b55d14546f7ad2&bb=j7vMUYt2-bi_4MmLfG7BPzsn4LSShwPIfZ0YvRRnH3IWsFuq0uraagFp5PZhieSMN5hTRCkXV728RlSmXpRiftvjEBm--c4KWXWr8wOQwaY%3D&xkcb=SoAg67M3G51AfAR9Np0ObzkdCdPP&fccid=7b16a29994404f44&cmp=Mastertech-Group-Ltd&ti=Data+Center+Technician&vjs=3,Posted 1 day ago
electrician,job_87bab48f339709d3,https://ie.indeed.com/rc/clk?jk=87bab48f339709d3&bb=j7vMUYt2-bi_4MmLfG7BP3r34IQDdDdi3UEOPRctRvKqgFGteOcKFgJxB6_wkJhjMOn2Smha4mYUAAerghsGBftFw2bPvSJnucyrzv-XBXs%3D&xkcb=SoC967M3G51AfAR9Np0NbzkdCdPP&fccid=fae5e49412874a8e&cmp=Hollyfort-Services&ti=Electrician&vjs=3,Posted 1 day ago
maintenance technician - qualified electrician,sj_a3ec63b58835b3f1,https://ie.indeed.com/pagead/clk?mo=r&ad=-6NYlbfkN0CnWqzJsO7Gc5cNZzRzovaMqJuuJyItkgiofsixV1x7pJdDzKXQroup_k1vXMJjAEr6kDADj94QlAiVT555QeNvBe21gHOWBC1Ebz7i9ENcjksUshaiZcEU6HWlEwsU0irRFN--duaWFFNtKM09RMex3vqNYMwXp2IKYZRe2fox36PUnI7OSw3KJurbglJml47cGmrx6bGmp_YVTfVLgIyUCo4qXTtxYmtvB6V8t6o6Cn-FMJhO_YK4GL-LP5lh-511UgTum3fEhd09mN3NklKPR1Sieea1etwfMKjpXRslALniKD3LjrDh7RJzt2C5wzEZyr05eV4HAgfd6nQ-mgShDYZUPrQb8cCx9Bb1fCcmPCBNRQZ1JDvaQSuKfpCBISrZhnVtGhOoBGXtA_Plhgz0rkmjLNWc1xI9AISrBmVkva9xXAFtVKutgAUs8qkIGPS5vdpnweyIOipg0YoCH9OO3dTO2kR-IrxjN06muwd-EQ7Xswf19aVfp65Uu3a-aCOa1TiNNHVQovHQWAJ2R3Xkl8c95YWYRou5j_SyZE6ONL3sGjN9gxamsVFYB4bzCDPkaNXEBiUgs1yxaQiB3vKvnlcE2fVh0ZIXWH4xhWZkYB3oJIcUNIKbx13VExjuExSCyhdHijzTAqccJJc0beIxrEcazo3_YhytewGDPeXX1w==&xkcb=SoD96_M3G51AfAR9Np0MbzkdCdPP&p=7&fvj=0&vjs=3,Today
lead electrician,job_f241ba4038a20615,https://ie.indeed.com/rc/clk?jk=f241ba4038a20615&bb=j7vMUYt2-bi_4MmLfG7BP2dsdDGcHtbJA5d47E-8s5sc54pLuo1JnO4dal3B195TLSsjXI6rPop3uEX8gqcfZ2ONi0xfL8k5kPK_qV0RSlM%3D&xkcb=SoDg67M3G51AfAR9Np0DbzkdCdPP&fccid=370f9a85c5bb620d&cmp=Search-Talent&ti=Lead+Electrician&vjs=3,Posted 1 day ago
maintenance technician â€“ qualified electrician,job_d384d1d1b7d52f63,https://ie.indeed.com/rc/clk?jk=d384d1d1b7d52f63&bb=j7vMUYt2-bi_4MmLfG7BPyV1N6wi5AwMfgUq9X2_TEozlCchj6169PQkI_sDBMHIfquomkku4ZKUOxuif5H5SykB4ZeDFDvSx-3xorPYtTc%3D&xkcb=SoBU67M3G51AfAR9Np0CbzkdCdPP&fccid=45797715651726c3&vjs=3,Posted 1 day ago
maintenance technician (electrical) - dublin 3 (dt18158),sj_a2d37c1b38d498bc,https://ie.indeed.com/pagead/clk?mo=r&ad=-6NYlbfkN0D8963UVSHQvE14Gz87xEjFAazKwo8pwGt2AcCk0nHr42kDSuf3Mi8ZyaVg53QijiqWT0rS9vadK-3crjvp4D3IZjzNj8-HMl_nt91uVNpCBMa9sX2KtnFNPWWQFOg9WRScPla462gBQHhAQIfdSjPHo70eAZrZCZ_B84pnHr_TavFsfbeIo8IbqZseWTp33Hlkt7d8s9gvhYg8ELWHF8IBe4KMv0B0KyoVIuY0w2R6cKhegkmIt9nzOQl_S4YXVJ5pNp7a0nkPS95GTi4oOZy0CyGMoFKKhvh4auAmftFG6S_Pc1SnOi7Js9G07KjEJfIStX2Rp1fhVfpgnlJQZGqx0ULpdo8J4kwkPGGbnSUth9hrD1VOlCKJVF99By4flrWo_2hw5MEvld7LO3Ou5PIiMQFs4bxQSUJy0gQl3Mw-JP-kESC7tGyuC9pmy8_6qnmcMzEp12qj7_VbckEgmi0Ksuv4vUp1Gcqwiv1lNH5tLZctTFyqkS43auffUDUqDod4T5QC4jva_kAQNq_8h9PyXQjmBkohrGYyY85kyyl8VNYDh3CYLaac9vrC2S3MgFOs5bAB5TV0EuJV-yEdkV4rSqEnhLuiZe4VsXF9w31fjcFwWZyndbGOiT8Jauvxar8vNWOMR94hKmM06oMM3L3l1XisVffpWT4=&xkcb=SoA96_M3G51AfAR9Np0BbzkdCdPP&p=10&fvj=1&vjs=3,Posted 1 day ago
multi skilled technician/infra,job_183439ec67ba142d,https://ie.indeed.com/rc/clk?jk=183439ec67ba142d&bb=j7vMUYt2-bi_4MmLfG7BP45XZzX31y9dxMDC6-yCaxMMyrxqZkdfbBjkbG6n7JpE2Pvd0IgSj63h5wZrjIPyy1ASTZCrkG_XHS-npENvdBg%3D&xkcb=SoB967M3G51AfAR9Np0AbzkdCdPP&fccid=45797715651726c3&vjs=3,Posted 1 day ago
electrician,job_3f84fd739965c41a,https://ie.indeed.com/rc/clk?jk=3f84fd739965c41a&bb=j7vMUYt2-bi_4MmLfG7BP1m4cl8z50GsGN65lqQ4hqiyiX9pHH8tngljmcQ4R2S1eToqKo1-g8gMHqWOxcdohwCLs_3KvXSvg5LQr32C6PM%3D&xkcb=SoDz67M3G51AfAR9Np0HbzkdCdPP&fccid=297bd66218710a21&cmp=Secure-Facility-Services&ti=Electrician&vjs=3,Posted 2 days ago
electrician - dublin,job_577e5334f6e09f8e,https://ie.indeed.com/rc/clk?jk=577e5334f6e09f8e&bb=j7vMUYt2-bi_4MmLfG7BP7J4z_PumV2UxjPV4kRmZPfpL9KPrDo-VAMz6qt_vkFIN0fwPG-gahNyITiOZ-bvtiGGOXyVzurGvFhNkwVt8po%3D&xkcb=SoBH67M3G51AfAR9Np0GbzkdCdPP&fccid=e131b9c79612b8f4&vjs=3,Posted 2 days ago
1st year apprentice electrician,job_680c165791826ce6,https://ie.indeed.com/rc/clk?jk=680c165791826ce6&bb=j7vMUYt2-bi_4MmLfG7BP03D8GxeOEKrjLoFrlx-efymPnX4qRAbuZT9tI6GBdL6XgKu5vjcbPiR_qy4Bv4cp9xllsJSB6q89wZi1dWD0kk%3D&xkcb=SoDa67M3G51AfAR9Np0FbzkdCdPP&fccid=206cef51a831cb2c&cmp=Airside-Electrical&ti=Apprentice+Electrician&vjs=3,Posted 2 days ago
electrical tester,job_0dbbb63b7407610c,https://ie.indeed.com/rc/clk?jk=0dbbb63b7407610c&bb=9HumANs-DZ_E0CWQ6Ym40ioNlCi3WUXt8J56G9joOijQCEmxVjTkE9t6hbhL0cE33BWv3sJVubxMhZmokRRJlVUI2-dmZKeutqGGrzXUZjo%3D&xkcb=SoAp67M3G51ekZwHEx0KbzkdCdPP&fccid=e8d1be1bd0a65427&cmp=BMS-Performance&ti=Electrical+Tester&vjs=3,Posted 2 days ago
apprentice electrician,job_f0aa8c2561601f09,https://ie.indeed.com/rc/clk?jk=f0aa8c2561601f09&bb=9HumANs-DZ_E0CWQ6Ym40iuh8qC1GH7ned1hpE1Q4gFr2r4n_lt-9B-DSKqqluA0-0711qVaXD_q3eIW_0Qx7Z5g4hVWLislp2RRCcKZJx0%3D&xkcb=SoC067M3G51ekZwHEx0JbzkdCdPP&fccid=fae8a4e0af71f7b2&cmp=RadioKing&ti=Apprentice+Electrician&vjs=3,Posted 2 days ago
electrician technician,job_3e83d118c1207c04,https://ie.indeed.com/rc/clk?jk=3e83d118c1207c04&bb=9HumANs-DZ_E0CWQ6Ym40oUPRdYvBO0YMQ24gDf2iIXWjS2mP6RRXVHDlS5EW6A08ZtOQOfYstSCmrpf-T7OcyZPFpo0YV7ixiSlTh7SWos%3D&xkcb=SoAA67M3G51ekZwHEx0IbzkdCdPP&fccid=e0cdf70e404c3f96&vjs=3,
,sj_28fc38efa6517f81,https://ie.indeed.com/pagead/clk?mo=r&ad=-6NYlbfkN0AOsZVr0Um0KGgXA2t89MH4R53h7mNweqS6vY2dSYGVxsetIGvFx60xonQThhRcQJPiOqTbxRxlvaTCI2SN8pvYBx-ZkYL7zs9FJgZSY7-Fph6igLuvFWLnTJaTSg1OHMP7L7utLJuh1EoEzvSr0Ke_9oMdJdLd9XBoS4eLlUjP_fwaCyupyl39xxOr80pSzJowk1Ee1Q7KyQR07qnUHhiU1Lb5jD-Qxjr0pPYy1g3T-_pL8JDcmbeA4KBsyKq8YenJabaRjxNZZkEssUgx5Gih03PSjrJl1K9kSOpeX_J7lDbT2Hba665LCI3dujj_NJF6RQj8w5XEWJwH89P6ftwaZ3WSXt0Z5VdDCu53yxNu7kEymBFlCtqFI35r7856iCfR_t4RTJyWbFFUCJcAGK54ubyyqkEVkysMFI-IjYGUJpDqNiqHvYx5JKauLAC_1WcQnO2NtALvJlxfUCYKn7BFWUm2-Yr2SNNaJrwnZ195HAhBRwhNpCPX7-MVNdhLuwbGhIUAgGu6nEsrW4110khAZHlKpWpLtlwc7UuoG19CLNXXFx6VVFK8DBjquEfGSBzC9_INs4BG9qtzirfVcb6qhtxkSa21vAi_iPRRV9iHxjPzFAChVF6SY_orgxT1oDj0I1jQfD_tHWSkh-QR7QNmo4PzbzDTod28W1dGTx_AZdq6VkDVHNnjI7dsgWiapPM=&xkcb=SoB66_M3G51ekZwHEx0PbzkdCdPP&p=3&fvj=0&vjs=3,
,sj_18687d34a421153e,https://ie.indeed.com/pagead/clk?mo=r&ad=-6NYlbfkN0AOsZVr0Um0KGgXA2t89MH4R53h7mNweqS6vY2dSYGVxsetIGvFx60xonQThhRcQJPiOqTbxRxlveIDODWWOqpYWQC4y-BjeiFAg_EonBTyUDDyZNpB-4Q7ydhduyPnqsNwWkfsXl87KDCYL8p9KOTX62JgPlKJ5r-gDfOtTLxlsfHklT46rutbR07s_Lhch3M-vAz-Gx2ZNnxDIf3ZqZFLUstVk69PRy8OfRCti0YsN38qjH0ytqp-76u5shhQ-QOFHOkj3XGJxVCZ0yB9ZxxDSg4dx2edNTN_WPNLyTsUcjKRUZSFdtR3JJpeeQraA0xdUgtfjX2WeQk0b7VTfs4GQy8CUhHpDoD7GmNE8bx_oezarEmuOm8dHR2oUuIUgAVpZbVDnVaE3yjUbuUGQjLwSc-OTOcA93AA7QF6NnOk-jhd61Kg7ouAYpoD5ZncA9QSF2vrzLKM01qzgepSqFhrELyM06mB_87OOFxaQuzTboySWVPNi2C5BEdmGmUYFzwG2WSMzXwWe5TXtZRY4vh8YjWcKHeT0PhBrVaR-AKnRs0C8IM_sarTXNaz9rKkHDK3BYwcs1eFeUkwbb6_GZt_QTFwYzkCsYOD2yDoZ0LQl1EINN7VoTbSqqz54DI3hHPHsNUkqohYorKfrRX6A7fli2cK54QmkW3ktz6OF4zsovlFCen4FveBaDW13971RIo=&xkcb=SoDO6_M3G51ekZwHEx0ObzkdCdPP&p=4&fvj=0&vjs=3,
,sj_262691c103f54d7d,https://ie.indeed.com/pagead/clk?mo=r&ad=-6NYlbfkN0AOsZVr0Um0KGgXA2t89MH4R53h7mNweqS6vY2dSYGVxsetIGvFx60xonQThhRcQJPiOqTbxRxlvfHNvNEJT89LJyQNxUg_UxwzeDVGHU_iHmRU3PXyQtIXGCWa6T3JcG7dcNTzbHoIJoFRxxSS0vHzkDfbk0QpceCGHdoJWM_j9vEDUy1vY_pa2hKTctukOGMjaJVznBzQsEDu4ofhC0UCm3cSCLiKk9soi_Yjqnm0k-frjfWtTc8J0Y2ANBsVK07UcvQV44SWVrveU4Ops3L-jy4AzuR83U63hrcqgaqyaXhmHuBeNVcco6EmP_Z9PrMm-13RTknWYzi6SYpLLEyOsTJG5e1eUbu38GrzDBcyB1Q--rbct0dgjP69SJ0PUSMoUpQ9EaP3v_8rnjjZx1kfhg9LrrWPLbJTAk41k3d3gS5eg4O5Tu5piM5dYGEcoINeVIk16mMYZzjYrohCz9YnLhnsJbaGPUB9wfCYBtxSWc4d0h1w4eyC0TilF2mS3374_Jp7kQ0MiiftIKyjitPtmiPhrc8pW6vFviJ_6y2eBPlI80eeTwdrSRQKkKyNvDmlkjPoSpfCxWXp0Q8ZgHZdEd7jQIb3SrJsbadUwAksj3LNnBFZVr6ATzlogloUqjF5B00RHd0BNzkt3SVxAZ-aEE8GYzxnMqTdz8jATmatbQmHLM3sCAqfEMe1KE9vxJE=&xkcb=SoBT6_M3G51ekZwHEx0NbzkdCdPP&p=5&fvj=0&vjs=3,
,job_7e6ffed3cd0029ee,https://ie.indeed.com/rc/clk?jk=7e6ffed3cd0029ee&bb=9HumANs-DZ_E0CWQ6Ym40i_bA97xPsYPeQYyuGPotFXm-h4vMb5F3bZu-4CRxpce3-8PIEMvIT9mLYdE58xVJ86sZrjUuBQN58Bnl4RS6EI%3D&xkcb=SoAT67M3G51ekZwHEx0MbzkdCdPP&fccid=6318638938946d69&cmp=AML-Automation-%28IRL%29-Ltd&ti=Electrician&vjs=3,
,sj_fc0116ba6a5ff5cb,https://ie.indeed.com/pagead/clk?mo=r&ad=-6NYlbfkN0CvYo2_he5FJ272q--AZLerQgCZ6Dvc866HWaUsHUtaofKyckxw8devqYi75lLUSeUCg7RTewUy8W66bVtRHAfNoLglP0W7I9Pv-b_5acAn3uPBRE_LP43DH8B4oLQV9Rm0AwBV4TPL4Sycf12-wFGKEQWFbRIGarTA4H3e7GCQEHBIdLm0Qc0CorMx8V1H-cxWi_8EvoVHyzKt4wFJ74n8tP9vXLdMKZjA5_ubrDdGKPVjPrct-icdxOX3VOul5r7z131DcHImuSOEDgjR8XeXAlAMlniD3Y9FBYvFQK92Sld3iXerP6zmdOpe3WptmwnTBCGOF82nM_yTbW9_dUiw_nnvUv_Uz4WtJ7ner7Kcwo6h4jfzNIBEOSP1qdaBgrm25OifXbQ2T4Rexwn3s3DQ8NWgQo1IV6jSAz_IU13PUhB88ZR95SRBPT2jyQfqk4R5O-rVt9TFtXBJxkDIh4HxqmLc5ZLSZF4tXITRWZl9sYuHtYM7YwEl2TnlntpxwPJgS47c-0i9yQH32lLzqsJxPLHNoP25HLvzIyCxMNI9vOyPd2cT-ucOcJJobVHu3oj1yaFjzTPtzaHuauPWgn8yzT380ZDqakqHLRKR53fTwmurRQPefBku&xkcb=SoAO6_M3G51ekZwHEx0DbzkdCdPP&p=7&fvj=1&vjs=3,
,job_ec79411a529e53da,https://ie.indeed.com/rc/clk?jk=ec79411a529e53da&bb=9HumANs-DZ_E0CWQ6Ym40jnR_5QnmT4UcJPlytl7Elf5v8XjZCnE7McKQ6g73cD8Wc2FClEv2jHzImEU2m-DtcQA9Kk6PqxkGjh3jKnoDS8%3D&xkcb=SoBO67M3G51ekZwHEx0CbzkdCdPP&fccid=e8d1be1bd0a65427&cmp=BMS-Performance&ti=Electrician&vjs=3,
,job_e3ce7dbdaf8ef7d0,https://ie.indeed.com/rc/clk?jk=e3ce7dbdaf8ef7d0&bb=9HumANs-DZ_E0CWQ6Ym40nXi6X7PyHE2qUaIA1SVkkU25weOcehqsqr22uoKdmJCas3EqXyhXglwwjEskLze0lexU9pwZJXg7qAg_l301eg%3D&xkcb=SoDT67M3G51ekZwHEx0BbzkdCdPP&fccid=e8d1be1bd0a65427&cmp=BMS-Performance&ti=Field+Service+Technician&vjs=3,
,sj_6fdc263005a3fa4b,https://ie.indeed.com/pagead/clk?mo=r&ad=-6NYlbfkN0ADNBZbKAFnWYX4NcAW8TbutCitwIiHUxnA3SM4IE1BMrasjoRGpd1p2XgEGKVoo2DUvonNlCGP1mlvodyngpGrYPqCA1HsOCTTa-sYHMh86ZEOqFigDLYYe9OpaXBc2B6qgXuAzJz6AIuLJiIrLLOWEh4CMyp6lmJLJ6g16h3jcfIzGZ6nfD1DZmaE307IkSrD5ul_fZncHzI34sg7tPlhVqYECVHiLJltlVzKkEP0-iVEaF7mOeX_G-84dGzKIpUyGkaUQEJ2RLnzLTLjKrZdWZHFF8GsJZAD7AxBuzb33pNoMhUiZdo7DOFzw5sW2mwdo45AEWto6Li7TdWFh6qc81kiyvW6l6tEWr2npwGyEZ8xncns9ED6lRMr17YmWv-lIWWvkVo6CcNazm5yKJ-Db-7bMAWDJs04DscNniogxxTvAzTMLmByIkjRF7iZfoKGRgYSmkkD65-RjQ7e9vQ3RowI2CjUclSn0tTm09YnLHu-EM9jahoLlEkeDkfcKnffXLAxsDiqVPrGDyzd-e_9jIlhBuopFKW7ToKr-Tl_x0sCOH1LoKvtRrwOZ34h5jrdUqFyzqakIE73xQ9KCtv7wFe2pFu7xSn7vN8ptXGoVfpGZDFfktlHaCIARJTltxw=&xkcb=SoCT6_M3G51ekZwHEx0AbzkdCdPP&p=10&fvj=1&vjs=3,
,sj_104802a6540bbeff,https://ie.indeed.com/pagead/clk?mo=r&ad=-6NYlbfkN0DtjHgM9OGskMOlDqu6VJ_mn6aSHs1aSYPNJklCIAsIM1cNhHvTXO4MPC0cRLGU24RK3W1arEDj8EHmtnIdLPw_yDDvmUBEcg5LTgN_fG7gNCRgUmk0cVxhux8aFUe9hXjlOrM5imi-AV93yIhw2ntsQpD3KCkspEGZVsNpu3otIeLxYQaRzabFgkBijUYyd-EKiV0jkZoM8jqcCsvxmkKOkesJ0FHgthCZQ-8eKwr0vNXwSYX3iAUHKIRfn84rT_kEDIc5N_oheRzXC6Uh11k93MpKn_eDNImxTIX7RTAN0LTYXrS1iOCs0Tzjc2LX7Keqba45CFzkcHvgbamR1ZA3HQzBluRoqU6D28grZ31YYdVa4HF8lGk8wwbO7r5EBimELsw8NopVnra0SBgdHZom-nzXeipubZojxufBqI6AVHbc1tDLt_iaCcPoxs4HhAz-b222NOSviExF1OmgLc2UB0lBr43zwK9w_J549P9_uitfQEgKXiOaB_XoWZIgpSeGZ8jC50eZ4yw7x2frQrx4Cs_rinSJgA6DePYI4H5aQTqA9jNscSuNU-JxW-M2D-ZrhjurTo1QKmrMnPxEHM-3hG0LkTayCXIYQIpi_h2BxkHXhNOgQnuE&xkcb=SoAd6_M3G51ekZwHEx0HbzkdCdPP&p=11&fvj=1&vjs=3,
,sj_a9ee59b66df3eff2,https://ie.indeed.com/pagead/clk?mo=r&ad=-6NYlbfkN0BvCZhE4f0u4QaDOHxgCduLPu9a9kNPeiRZxouubySHG08NDd57EnPwrm6U2AfhLV1J4EynjA-Izudtf7bnOvjnEDL-efXB7E75nOw6vbT6KPOTRRKOnF98GWz5V6uxSruWsF-mR_eoI0E0zhONw9n0_pYeYwx_MaW_xrG5ytbBfuv46zEMzBIZgKf5ZqW3X057SOPiTraA_sWEggNiE0SQhe3ddftnd5AQ58bhMBVzoC_iwQXifwRv27AvlPZA__FZcJPnyrgeWmASYQn6W70jnvPV22lUCkW-HQfjUjY9D31YAOlLCU4-lZc3ZFqukuLiRNQq25Qz_6-KVMvPe2STu3HjT0ZJQuC7h-YQB_JqODRBmRHbtXmeIPSRNPiSYKvnh5AaqWL6iBb_pjik7QTYNBh4RZpAsPXZseoKABOdE4XUBtAGMaRjaTNvLcmmSHoijSErGtxVV9uplCz3A2rOZt3X_3WpX-AoPazkiqOLXoyq42wncfsmpWhYhCISxrWDtbtLz7oyIGdcUYJlChX99GZkPX8NsZGeJDaNkQgXRe5Bs0R4FejtZ0F9TGe3PhApJCVnjmP-UqbUZZin7eP23vg-SjxVPvTFIoyIV4wZyi8uP1PsATgrq-NqAydlnVo=&xkcb=SoCp6_M3G51ekZwHEx0GbzkdCdPP&p=12&fvj=1&vjs=3,
,sj_00c83e8aa07e8952,https://ie.indeed.com/pagead/clk?mo=r&ad=-6NYlbfkN0A6is5dRenN1UBlg5eAsJZR41VUIU4M5lqLF9zrssqQy7S3fv4jx9k9xBo8AAZ-a8_9DOXHbWWglUZHXSLcZi6nuwKfHJVgFhKNH3e_nuUXxklhlhhM0VrdY98BWqPi1ueKfGHR3tkSJ3V_8vpmQlFEq0Zj1-xFWZAQdT9KMVpyxcxt5G3iWyBB3GeDKlJE3HIM8i9Q8afRPFQsa5v63F7FQ8cF-1XfJcqCEunNmA70yJsKkUcleGt1wYHLXxfHqfdQY9ARO9YL-sjj1DBpn41LZFRqDEXsh50niHqh071s8aTyxE5YCUbC_e5AcPp0VPOB7NxR-Om0aLPkvxKe6eLlV-pBC4766R2kvXfCzjOXrgz5sUnxa46FwYkW2bl7yLhQOdka-hRxKDJiTkD59qzLcCUoqFjpyaOYwKkCwzHvnS9wtJZwwf-o2JjEUTexENa3JIv3rAN9RfcFrLbRK1pHIkb09jnkA2zoNdTbov0l6juzissgA509EvkOD8UEgqtpqufcPhvdbSCUzW7mIKHsz6nw23_RmqaB4tnHyP-CExI0Ku3KEF-edbauxXmrqqAR4GnE0SapmTI99lF3efnmdbul3fzqPcj2lcmno5LO85Bvrjw6DbLh-YX_oZzE9wCbr1FF2JJbGuvLphkvtsCK&xkcb=SoA06_M3G51ekZwHEx0FbzkdCdPP&p=13&fvj=1&vjs=3,
,job_25f5df5d1fb097ae,https://ie.indeed.com/rc/clk?jk=25f5df5d1fb097ae&bb=9HumANs-DZ_E0CWQ6Ym40urDHkTtDtJx9YOyvjDCKEYCymwcgdrFrz4PVqdbe7orZrq7VGk2XoOVMdb_00RTqiFkaCL7k55MU3SlLhxDgUw%3D&xkcb=SoB067M3G51ekZwHEx0EbzkdCdPP&fccid=993518d58f8de3c7&cmp=PSI-Global-C%2526E&ti=Electrician&vjs=3,
mobile electrical technician,job_4dc3deecb00af764,https://ie.indeed.com/rc/clk?jk=4dc3deecb00af764&bb=VccBdUBhBCIZizSh1s-s1G-bBQNjHCYnewpRcqGZFfArDYX5z4DOxJkz5RLlqLxLnKW6lsTLcAIhZ1RqktAM25VK0dFQusrbbXeyi6OiWn8%3D&xkcb=SoD367M3G51dx3AP270LbzkdCdPP&fccid=31670bef3ae6497b&cmp=Hays&ti=Electrical+Technician&vjs=3,"Employer
Active 2 days ago"
maintenance electrician (static),job_3ef5d044930a5263,https://ie.indeed.com/rc/clk?jk=3ef5d044930a5263&bb=VccBdUBhBCIZizSh1s-s1OBAT8-DU5jwB70vckFLzsjPn_g9IRSnjAgU0rQ8y9QsxYWcaY9EdVaWpGp_ZzvL8_Op6UuCs280-09wcKTXE9w%3D&xkcb=SoBD67M3G51dx3AP270KbzkdCdPP&fccid=31670bef3ae6497b&cmp=Hays&ti=Maintenance+Electrician&vjs=3,"Employer
Active 2 days ago"
commercial electrician dublin,job_fd222ed20808dd30,https://ie.indeed.com/rc/clk?jk=fd222ed20808dd30&bb=VccBdUBhBCIZizSh1s-s1H0P-eGWuaglKLorGXdq0ILN4_SSAzXFeP72s7okmaq4gIBT4lUKr8ipLYX10d2Q10r4TblB737SToL7UAYEd8M%3D&xkcb=SoCy67M3G51dx3gP270LbzkdCdPP&fccid=b3b5bd8fe13cb400&cmp=Sherlock-Recruitment&ti=Commercial+Electrician&vjs=3,"Employer
Active 2 days ago"
electrical maintenance technician,job_0b481f31ed838110,https://ie.indeed.com/rc/clk?jk=0b481f31ed838110&bb=VccBdUBhBCIZizSh1s-s1FNbADCZuvaTAA2US5qXI0zWz5fPdHz_LJydhFlkgObVO6lyGwF7jzyVllOd3QGJdVCNicssxskQUEmfxjfb_Hk%3D&xkcb=SoAG67M3G51dx3gP270KbzkdCdPP&fccid=6672b4c3f0e043d0&vjs=3,Posted 8 days ago
maintenance electrician,job_0b94fad3a4979860,https://ie.indeed.com/rc/clk?jk=0b94fad3a4979860&bb=VccBdUBhBCIZizSh1s-s1LT27YJK3lVl-ojsXEAZrdSuROhoO8doyGhkOYdzFxPpN0F4ArsPTfE_UvwzPkbfdUvUWikreDSBDifVHnjFqWQ%3D&xkcb=SoCb67M3G51dx3gP270JbzkdCdPP&fccid=8a18dfff08eea66e&cmp=Green-Fox-Selection&ti=Maintenance+Electrician&vjs=3,"Employer
Active 2 days ago"
maintenance technician,job_0b5976aad4ada5eb,https://ie.indeed.com/rc/clk?jk=0b5976aad4ada5eb&bb=VccBdUBhBCIZizSh1s-s1D2V5z0jC8uiI5YEctiriIF81GZLRE_ZPxpfa8dGuto-w_408g_rLCFskhVYimoAiv_pI9MEeZiOIO2WMQzDHZA%3D&xkcb=SoAv67M3G51dx3gP270IbzkdCdPP&fccid=8a18dfff08eea66e&cmp=Green-Fox-Selection&ti=Maintenance+Technician&vjs=3,"Employer
Active 2 days ago"
maintenance technician,job_8f95fab8fd92aa03,https://ie.indeed.com/rc/clk?jk=8f95fab8fd92aa03&bb=VccBdUBhBCIZizSh1s-s1FtHV1nh7UaBvslb_E_somoIcWDHnJjyX2SUQTBj89Z7lxo64Qat49SgT3PO8aaLvnvEd4GapoHfrMp2BeRjgG8%3D&xkcb=SoCh67M3G51dx3gP270PbzkdCdPP&fccid=8a18dfff08eea66e&cmp=Green-Fox-Selection&ti=Maintenance+Technician&vjs=3,"Employer
Active 2 days ago"
electrician,job_677a483aa35f481f,https://ie.indeed.com/rc/clk?jk=677a483aa35f481f&bb=VccBdUBhBCIZizSh1s-s1NbP2XYyjGK5RjWF67jyG1ZwW0nI8zJDyNDmF4lDYX686TtyvmyKMsJUy2UeeIAKsy7g-wAGXWIzss8hwHvUbVc%3D&xkcb=SoAV67M3G51dx3gP270ObzkdCdPP&fccid=3a7ecc0a1fa7c078&cmp=R.D-Ventures&ti=Electrician&vjs=3,"Employer
Active 2 days ago"
electrician,job_1e4e9f976c9ab3b0,https://ie.indeed.com/rc/clk?jk=1e4e9f976c9ab3b0&bb=VccBdUBhBCIZizSh1s-s1Pd6jFloHbNUIYD_G5SrRDQG7vZoBfvu0v8s2Fn9uvpG4Yx6zDa-1W_alm9XJk1Ilvp5DeUvvPQb0Iz-loZE8hk%3D&xkcb=SoCI67M3G51dx3gP270NbzkdCdPP&fccid=336ef8002ab6b966&cmp=Sky-Electrical-Engineering-Ltd&ti=Electrician&vjs=3,"Employer
Active 2 days ago"
industrial electrician- south dublin,job_35f17e17158b1078,https://ie.indeed.com/rc/clk?jk=35f17e17158b1078&bb=VccBdUBhBCIZizSh1s-s1M6p83HsgyMICKp73o5jJ7dwTB3wRktWZVG3cmVFTS6yze6XNdYptst8yX5Zjl9RYc94PH7ouV46p_i4ziCJ9MM%3D&xkcb=SoA867M3G51dx3gP270MbzkdCdPP&fccid=c021a655a4b9e800&cmp=STS-Group&ti=Industrial+Electrician&vjs=3,"Employer
Active 5 days ago"
facilities electrical technician,job_b9091ab4c5274357,https://ie.indeed.com/rc/clk?jk=b9091ab4c5274357&bb=VccBdUBhBCIZizSh1s-s1FtHV1nh7UaBj5d-SAY_s5maxUPw18qQfoUkLRiaZnThzDUuqwga6z8XsyG_stpAnztcvAbNvZ6KIXD79cacFx0%3D&xkcb=SoDV67M3G51dx3gP270DbzkdCdPP&fccid=936367796261bd6e&vjs=3,Posted 20 days ago
electrician,job_1b6607c6ace8bc29,https://ie.indeed.com/rc/clk?jk=1b6607c6ace8bc29&bb=VccBdUBhBCIZizSh1s-s1PTo_7koyJxrlIWN9TiNA5X2mbXsI3D6CudriUvlvl1hh3M4-1YQ_GNf61PfAH3kOzJSBq4QZri2BD4sgHvIb1M%3D&xkcb=SoBh67M3G51dx3gP270CbzkdCdPP&fccid=1a17983a910f73d8&vjs=3,Posted 20 days ago
electrician,job_e190188dc3b8fba8,https://ie.indeed.com/rc/clk?jk=e190188dc3b8fba8&bb=VccBdUBhBCIZizSh1s-s1GCL64VRfSn16bSkr3BO890vFdQL5eQvZNyCNnAjqMMLmmWkzJlXAcopkfMMwPtkIIlBg3_h0WGALqXIhj5kSW8%3D&xkcb=SoD867M3G51dx3gP270BbzkdCdPP&fccid=0026136e0c37762f&vjs=3,"Employer
Active 9 days ago"
maintenance technician (hvac / electrician / plumber),job_5b2424d841763c13,https://ie.indeed.com/rc/clk?jk=5b2424d841763c13&bb=VccBdUBhBCIZizSh1s-s1CSCbN1Pi9IsxD5tHVYiz2ssRTnTGgJFVt6_K4ICas-CuWljklO8wlScUa4daPqy9GPjz0ptyM61Ii8HyHeWuOc%3D&xkcb=SoBI67M3G51dx3gP270AbzkdCdPP&fccid=c59d146598966938&cmp=Quinn-Downes-Group&ti=Maintenance+Electrician&vjs=3,"Employer
Active 2 days ago"
field service electrician,job_48bb4a1a39629137,https://ie.indeed.com/rc/clk?jk=48bb4a1a39629137&bb=VccBdUBhBCIZizSh1s-s1Cp255ghrHzSw-WnWU7z0pekkr3oJMxpjRvgZUoQ_SlLBnRci0KHOnCiCNaJ568dWU8HTB4qoSNkZHehed3zQRo%3D&xkcb=SoDG67M3G51dx3gP270HbzkdCdPP&fccid=1a17983a910f73d8&vjs=3,Posted 20 days ago
industrial electrician- north dublin,job_013cc9719938cb12,https://ie.indeed.com/rc/clk?jk=013cc9719938cb12&bb=BTyfrxJEWC6p3-N1zCenEi47DXhD_C9nY9cYaljrIjfbTnWzNKvEiV3_zuWaoXzPBVbYtHFsMRCmt2nlaU5SnkzA6tuvRCkT6gKqsl0T8Y4%3D&xkcb=SoB467M3G51c3nxrxh0LbzkdCdPP&fccid=c021a655a4b9e800&cmp=STS-Group&ti=Industrial+Electrician&vjs=3,"Employer
Active 5 days ago"
electrician,job_a89bdc8104c36aa5,https://ie.indeed.com/rc/clk?jk=a89bdc8104c36aa5&bb=BTyfrxJEWC6p3-N1zCenEkVg-OnGOZSQhosRNEvEcztYamC5WgcLUu2-1HxT84J00KheTB2Gfz1tRp_sGCotqJQZHkUs3HDKkbpgQkoyPn8%3D&xkcb=SoDM67M3G51c3nxrxh0KbzkdCdPP&fccid=4619f027e3ed1587&cmp=EV-Charging-Ireland&ti=Electrician&vjs=3,"Employer
Active 8 days ago"
electrical technician,job_a0b6d4ac79fb8e56,https://ie.indeed.com/rc/clk?jk=a0b6d4ac79fb8e56&bb=BTyfrxJEWC6p3-N1zCenEpfDAI5AafL_OhZJjKY5mxMbpYmcEcq4XMOlQJgpg9NLCyI37RyHr5MZjkiJDU4AZjk-XZE9BNdBKgKFRUh05Wo%3D&xkcb=SoBR67M3G51c3nxrxh0JbzkdCdPP&fccid=43ef896d5777f1e5&cmp=Noel-Group&ti=Electrical+Technician&vjs=3,"Employer
Active 2 days ago"
electrician,sj_22ed927a2db74fa0,https://ie.indeed.com/pagead/clk?mo=r&ad=-6NYlbfkN0ByNDG-4GkbdnEDxWdcwIZemsKzUGiQsDycvd7kLPsR62H1bEy6H70rwqO9E3TL-nLlrBmJqEd4tCVGh0hZzeLHY_F7qshRlJvTDKrs3MLCFviWrc5tABoMddJBSM22e0Gr7_hjqhHoLbR3xadLbbw6P42d3Zb5tTfdE3plIZkYsgDJHQpKZrF4rHfqGH6312s6GWj44mP3v2A2AYOP4LLPi2E98th3hCIb_MPw1xfF3VgEdnHsS-dxiI1_YXisqLSvuALRQ-BWCDXyQMprj8NT6ss4av54Mn8ppwbrqUkJrOfnqCRnSdo3Cxohv277vpmDq2GktfSVYGiHyzcZbNXD6-grd3IlS0uYhsa46ZPcCrqiN0sYS17eiF3Ee2nt2PwdQ_fOAA0e_8xCA0ghGQaDcvC3iTmfDNyMFA0Nq4oDuNQInff1G4xpqQ54d3BG1uK0TZk_9Q6sfZGAv_7rERHcm9gIWmaBQAts1H7xx12GEsdcyLYqgTYgbQQ2Zb3ViMWS0mHoHptcqFwUIgudI71He64YKsPqqTLBaGFa68jSHf71P8rYoOh90YKxN3bb6leTRNuqUZabAwH08Yb5IBs2A36mdOZC4QOegkeYLyqr31RgtmPIR-XV&xkcb=SoAR6_M3G51c3nxrxh0IbzkdCdPP&p=3&fvj=1&vjs=3,"Employer
Active 2 days ago"
electrician,sj_06712e2bf0225939,https://ie.indeed.com/pagead/clk?mo=r&ad=-6NYlbfkN0DDAt6Wh9cICXJiTI3f5rcKvbaLBh8H8Zpv3Gzjhh3Xnk9knKA7nL5_S6rG8h-9utdNQBCEHe0a47ohtH3iGOJlQcbbkzLSlO4NRA6V1FmxfNhuclDUaDOBhWoGe6HzS3JkcirSEGjYThM6A10q0r-6-Ru4lb8xQ9TOu6vayRHngdmeemdHmCSR3jv2mpW37TbMG4WInak777e6gAICQbn088c4tZXPpsCNZoMBIC6rxXzxP0npvB02PM-8a3AkfA1rSVZcafKYMk-_RnHeQr7Q8SGojwVniIJE3xNSu6jdcoZuq3Tuk1UUbcH-5jc_WThEv0IAWKhi8wF1PR0B400ZDluGu12leyzKGGDd80LlQE8OH7muIRGuDCVuZPFBJvHlHNtADcYRdNnQQ62UIbEgL3vlteojeAvxaTlbtt22RaNMVP1uT7GeLpBYTb68w4xkkOD36qH2TKKTjlVNncMeZ-cE0xTmrBnQLlNsMdoDclVpw5jBJbBf5Buc6se7f68os13OYgobyeaU-sbAjzwxQdz1yOsKs4HnNAUQwNb9SkzaT2pPktTfYEnkF6GWx_r9dVXWUpKYL1cU5UZQdH3Y4lNUk0TrrVZaHxPWh9ZKXwUlVpf3mLtkXJSiTGUvWc4=&xkcb=SoCf6_M3G51c3nxrxh0PbzkdCdPP&p=4&fvj=1&vjs=3,"Employer
Active Just posted"
electrician,sj_cd1bdb1401877c02,https://ie.indeed.com/pagead/clk?mo=r&ad=-6NYlbfkN0DiAJEesZXJ66JGb-fh8ga5tofKRL5QZtlBTdfOOvwXwc91aUKEIxesefrpRhogZY5VIacKYWjP1kTDZSvtQigWtaLDdN74iOd-lfHMbUQBiyTQi7e3v5orNqTrVbCc_lLQR1yEXmwYQJUZ7A1FloLCllx3zeWwiBool-oWU5DnMwrfPA4DFMX_g9QRgQx2uoaJhvGEkMnSj-Q8qCOBZ87rJUc3a48nkJi6V-bVg0drHpiwRf0-kg5aeoeD7KWzsSj9a2irTGCa1-Qv6KyGrTnLHUlpZPaaGHvSJeITKNmfVcqiQ7DJsbNXuv7OW4P9z_toAerUrkixdu1LdYjq3XM-amVFkbAmjnkOEer0NomCybvTypgywlP-rf4Frbhi0mdCT0QyvBTnFGuvTIMb9r1SYPfy_SDLNk-_Qyk5YloWiiY0v8X9HxjRIp8RLIQkXER1ToGzlYJgwUXEg7NT2wsZMiL-8KkDP9Ci2gHmJHYKik3IZQsmZ8CU0VwM89CzliDte4RUhae_btwNWf5FfpmPjz-GfAV8u4CU-en-MqbYh5Tr7q_vjElQqUFl-Turd9Wwx5gSV5ChAUh2RRDvrCbWQav9Wd_iYcGRHpjKkawkCxtMlFm-JW54&xkcb=SoAr6_M3G51c3nxrxh0ObzkdCdPP&p=5&fvj=1&vjs=3,"Employer
Active 2 days ago"
electrician,sj_9d7dd89c8a4f12f0,https://ie.indeed.com/pagead/clk?mo=r&ad=-6NYlbfkN0CwTxEsZtUCa4LL80Ndva8bVYsFJcs5QCdMpndzYqLc4X3Z5RKQyy4JrPkG_Ajx3sykkUCMcm3ENWU7CQ_-7z2kZXkrRDpierw-Q9BSiYt0sB_pMRBswMQjt_LnmzIWtkrOa__tlbFViMaDWG3TeviZD2BQYgQGvB8OscvsvVS0E6nEzh0CnLz-c41LTJhAgtwSTUgg7LvkhmM6_SuVRuiNM-9mN78KaAE2x7Xne2TkMU3iLIOIoKp8uIE8YdnnyVbuRniqrNPAeSlFnBfYiB6mGpaq8GAB4sNM55aO84aa3WMZBkr7VQezSOzoQjBc_mLNTITXmQ-mbebD55HyyyGkeI2r3v1dFmp1LDKFCsZs1R1Ck1SIiqSQiSaUo_O5KbJR7R6M07Yd22sYaMH90fNC-6a5hbm3EPJZgcHMpClAV0Enaqf-MVDFtmc02moat3dCZl3kJQofaVVxYXKRPf4nL18ZdXzc-Rql5GEXl1OaRXYHwLQKIf3qHz-EdVyBn85kBHu-MiFBwQ-5yH02-j0kJ4NnCQ6Pmn6h9HukeLA3V8sayo3W_BNeh8Mlw8Rl__McMofFgBEMnyeIY5bkrrXYPklHXxZ35BFNruqD69A5ve-ODHJDcaVc&xkcb=SoC26_M3G51c3nxrxh0NbzkdCdPP&p=6&fvj=1&vjs=3,"Employer
Active 2 days ago"
automotive electrician,job_b261774c622ec31b,https://ie.indeed.com/rc/clk?jk=b261774c622ec31b&bb=BTyfrxJEWC6p3-N1zCenEmBjX3IJfz5HMQohtx3eru6Tgt71Y5cHfYnq3AvhRlullG7JmybNvddjuPndIgG6m-h0EYCY2o07Wr8abQ4LMJo%3D&xkcb=SoD267M3G51c3nxrxh0MbzkdCdPP&fccid=d2b8feb183a2f28c&cmp=Connections-Group&ti=Electrician&vjs=3,"Employer
Active 8 days ago"
fire alarm/emergency lighting technician (full time),sj_0cf45030d24437be,https://ie.indeed.com/pagead/clk?mo=r&ad=-6NYlbfkN0DoJv6jU3Yp4qdzw02heypYcgfdrx_TDjzGncKzmuC_8KdiZqeL_VMioUE4LOzaJ5ibW6dHADPcxgjj4vZmYBtjp5uubbOBXEn6hKUpoEn6yYubWG-RiNM-FsJGd5_5Y5lwl1jwvuAyezTRqQWO_p0_ZYC0wZT_g06CDSzAaLURyYamuUU5qf3aV8KUHD0UkXWBvdAGNPR_S5foFJ8rVDrOtQGD3rBpEARif9d0vAI8Q7yj61FDsiZKa5uamCtPko14XAukDYGUFQsBQy1xYvukz3Qe4_vCt67st2AhqjdcmAWW07DtgjuA9YBMf8BLZLiIb1tMPEFxv6f5NC2sLDuDUS1vI3h58GaTWhQv9KeGHQPJgBjM0NESqWSm60lNB7ocauxWAxXmSxYogCuWjNnDoL_M3Of4-WfWp9XtH1ejQjDZM3Sgp_lEH0wMh1B9f6im1V9O6EvoV8nlb9arJJRR3SZqktB9Yz3vW5EOkjId-ADIKu4Fe2QCqaBdj9FBNdHmtP8ypgK16F--xgu1UnpD801o5gzvrSqdxiW8MWD4ctEzAN8lFRWW5LZU5rn4niHcKCmuSKouXQTCR_L_yk2NkXo41qaARLsF10A98oQC5509izl7vRdnCViDk9TjGQu0A4Biz0vz0s3Q7YR6pGQe-bnsrPKC7cMEku94RgSKLw==&xkcb=SoDr6_M3G51c3nxrxh0DbzkdCdPP&p=8&fvj=1&vjs=3,"Employer
Active 2 days ago"
qualified electrician,job_59a0f594e66288fc,https://ie.indeed.com/rc/clk?jk=59a0f594e66288fc&bb=BTyfrxJEWC6p3-N1zCenElYxplcqYZgk92b5l6lndv3NpMlwBBPEq_EiAXTFU7_orkSvXHo8L-yG3ACrzgzonpd5InMYrbK9Lft254Ylb4o%3D&xkcb=SoCr67M3G51c3nxrxh0CbzkdCdPP&fccid=da4a8fe85b1c6de1&cmp=Realm-Energy-Solutions&ti=Electrician&vjs=3,"Employer
Active 7 days ago"
electrician,job_36ce8a8689df3d02,https://ie.indeed.com/rc/clk?jk=36ce8a8689df3d02&bb=BTyfrxJEWC6p3-N1zCenEqEp-MaZqcyHVlxH8PKbBxGywCcA-TyCrK2WVB0UibZVsrP1xmfznVnUfoige9eRVW62F0tZRuYtIkSO6DTlZ1U%3D&xkcb=SoA267M3G51c3nxrxh0BbzkdCdPP&fccid=6071b415e5e5e472&vjs=3,Posted 22 days ago
electrical maintenance technician,job_7e897b47d74c9fc5,https://ie.indeed.com/rc/clk?jk=7e897b47d74c9fc5&bb=BTyfrxJEWC6p3-N1zCenEglquMWM7d2gDaXgsWbY2-j9aimCd4Aa26L8dOwd_Xa0vEEgO9BMD5HczFA5JiKTYrH3waMMLUOM-_D7uFtTmnc%3D&xkcb=SoCC67M3G51c3nxrxh0AbzkdCdPP&fccid=43ef896d5777f1e5&cmp=Noel-Group&ti=Electrical+Technician&vjs=3,"Employer
Active 2 days ago"
fire alarm/emergency lighting technician (full time),job_2925ebc6cc81f694,https://ie.indeed.com/rc/clk?jk=2925ebc6cc81f694&bb=BTyfrxJEWC6p3-N1zCenEglquMWM7d2gY-snAXr8QNa8bKnnW8SJrK7qvdSno0lMSqr1jybYxu7y29eaoyI6LaC0pkkOjsNnhR6lAmPJsQI%3D&xkcb=SoAM67M3G51c3nxrxh0HbzkdCdPP&fccid=f11f54af9c1dc60b&cmp=Irish-Fire-Protection-Limited&ti=Alarm+Technician&vjs=3,"Employer
Active 2 days ago"
electrical maintenance technician,job_907a82a4b8320311,https://ie.indeed.com/rc/clk?jk=907a82a4b8320311&bb=BTyfrxJEWC6p3-N1zCenEpxp97Wl8oOSvoSWXhm2HNcRBcJtHqK_OXJE7p3BSd5n88ZwXo0MyWCZ-ajGuhFKjEgy07JqLbyB6OAggardZUM%3D&xkcb=SoC467M3G51c3nxrxh0GbzkdCdPP&fccid=374bdfd3f62b36dd&cmp=Noel-Recruitment-Group-Ireland&ti=Electrical+Technician&vjs=3,"Employer
Active 2 days ago"
maintenance electrician,job_d8387145e7032500,https://ie.indeed.com/rc/clk?jk=d8387145e7032500&bb=BTyfrxJEWC6p3-N1zCenElYxplcqYZgkTZgzKLGQAloQuBd6Eg1WWSNWNqfN0nOLnzDVCOA8ExFOgWzRcn9kZNUFOLchM8XCzmNykbtRXDo%3D&xkcb=SoAl67M3G51c3nxrxh0FbzkdCdPP&fccid=ab4338decb32714b&vjs=3,"Employer
Active Just posted"
industrial electrician,job_2d5079de4f411da0,https://ie.indeed.com/rc/clk?jk=2d5079de4f411da0&bb=TGqPqDcFtxQonFZRMQMIA5e2qcl2ZBJ4IC09YpGUS0leJTkxYQr3GUcfFhxKL4-0AGGKQNwSqeZvF-grktBUCBMKRJcxqRrj0KvUl-IUaAQ%3D&xkcb=SoBF67M3G51bzHRrxx0LbzkdCdPP&fccid=e8d1be1bd0a65427&cmp=BMS-Performance&ti=Industrial+Electrician&vjs=3,"Employer
Active 21 days ago"
fully qualified electrician,job_d3670d0877e23ba4,https://ie.indeed.com/rc/clk?jk=d3670d0877e23ba4&bb=TGqPqDcFtxQonFZRMQMIA-pGnZ-nZP2DrTbf9TnnqL5LQ7rSJxNMvPqhHMrYQF7wGP-57JXPgmEW3vOGO2jgyLdIDkbrVmFRDOrcPeJRBGo%3D&xkcb=SoDx67M3G51bzHRrxx0KbzkdCdPP&fccid=b3b5bd8fe13cb400&cmp=Sherlock-Recruitment&ti=Fully+Qualified+Architect&vjs=3,"Employer
Active 2 days ago"
critical environment electrical/mechanical technician,job_4f54cc8b3eadd8d7,https://ie.indeed.com/rc/clk?jk=4f54cc8b3eadd8d7&bb=TGqPqDcFtxQonFZRMQMIA0NFyKHs9DxKwn4xMvdGT1lup_civSTOJ-kJ1VbpslKfj65C2Rzcv5jtAW8sucwIvuSOHT3hEPyz7SjisT6o_-Q%3D&xkcb=SoBs67M3G51bzHRrxx0JbzkdCdPP&fccid=734cb5a01ee60f80&vjs=3,Posted 30+ days ago
electrician,job_453d65b508b4fdaf,https://ie.indeed.com/rc/clk?jk=453d65b508b4fdaf&bb=TGqPqDcFtxQonFZRMQMIA3HxRenpPU3bKmzqg-5mTIsx3ozPNB-xDkLIvj94ovz6rf6WjjPE-jrxI_Kqe__zH48CfB22Edt2-LtyPzhTz-o%3D&xkcb=SoDY67M3G51bzHRrxx0IbzkdCdPP&fccid=9fe63562b7c172e5&cmp=Aramark-IE-Head-Office&ti=Electrician&vjs=3,"Employer
Active 2 days ago"
electrician,job_045e95ba58c6b43e,https://ie.indeed.com/rc/clk?jk=045e95ba58c6b43e&bb=TGqPqDcFtxQonFZRMQMIA6XZs4ceReN8ACSKxixX5ja1emAlOQoT4l8Y3b1l5pR3sjBOQ6-rDmJZ4wdU2riR7t4Qt1OlaeaO4lPvtXy73nI%3D&xkcb=SoBW67M3G51bzHRrxx0PbzkdCdPP&fccid=4619f027e3ed1587&cmp=EV-Charging-Ireland&ti=Electrician&vjs=3,"Employer
Active 8 days ago"
electrician,job_7134d46b79c858c1,https://ie.indeed.com/rc/clk?jk=7134d46b79c858c1&bb=TGqPqDcFtxQonFZRMQMIAxjHJBT90SGLnZH0jQGmVQuPirsBbnPxW3s64ZmAOSna239-p4oO5K4HERiicIvsPUTg7JGjCYRMeGLsb_2jQiw%3D&xkcb=SoDi67M3G51bzHRrxx0ObzkdCdPP&fccid=af06679e2c1feb0a&vjs=3,Posted 30+ days ago
industrial electrician,job_40aa3eadc1c8e3ed,https://ie.indeed.com/rc/clk?jk=40aa3eadc1c8e3ed&bb=TGqPqDcFtxQonFZRMQMIA6id8glk42257mql_W_LdlD_D52bpyP2fiIz93K743Bm2h5Xg8Nslnu0Gpg9U_ZCUEd9B-kdOLmOHq4RPWF3Ork%3D&xkcb=SoB_67M3G51bzHRrxx0NbzkdCdPP&fccid=e8d1be1bd0a65427&cmp=BMS-Performance&ti=Industrial+Electrician&vjs=3,"Employer
Active 6 days ago"
industrial electrician,job_4b6c82cebd143a10,https://ie.indeed.com/rc/clk?jk=4b6c82cebd143a10&bb=TGqPqDcFtxQonFZRMQMIA4I99v2KTORF8comaGefXYZoPKBlsWdm5uk4UlQ1fb1xyMP2H3EebCSEZ1UcFmQuBt5JxBgRoukvjqrZWzzzLWQ%3D&xkcb=SoDL67M3G51bzHRrxx0MbzkdCdPP&fccid=b3b5bd8fe13cb400&cmp=Sherlock-Recruitment&ti=Industrial+Electrician&vjs=3,"Employer
Active 2 days ago"
industrial electrician,job_978b56ddf1930584,https://ie.indeed.com/rc/clk?jk=978b56ddf1930584&bb=TGqPqDcFtxQonFZRMQMIA0rgr6eVIqVA3BeZfafoJSTsEymAzbj_8zdUyudpp3lTE-1MWDe7Yl2naMRA-ysncSEGPclpzOfuKYlv42nNwIQ%3D&xkcb=SoAi67M3G51bzHRrxx0DbzkdCdPP&fccid=5284e9d6272d6293&cmp=3D-Personnel&ti=Industrial+Electrician&vjs=3,"Employer
Active 2 days ago"
electrical maintenance technician,job_6f80a18974b09251,https://ie.indeed.com/rc/clk?jk=6f80a18974b09251&bb=TGqPqDcFtxQonFZRMQMIAw8pOHheqPq3on4kULv1Re10KC9DBET697EP9dAJoarP9MVP9KJ04-sM06Fc67-adJHWrJoE5z8mwO-jzLtZqEI%3D&xkcb=SoCW67M3G51bzHRrxx0CbzkdCdPP&fccid=1e4c8b80b0dc10f4&vjs=3,Posted 30+ days ago
electricians,sj_73bbb7d06419d0c4,https://ie.indeed.com/pagead/clk?mo=r&ad=-6NYlbfkN0BvCZhE4f0u4QaDOHxgCduLPu9a9kNPeiRZxouubySHG08NDd57EnPwrm6U2AfhLV3IPID9cqTXcDIc_ZQNJ2VvxUU7t5BlxtZ5Ja8GHIEPmVt8u2d_DtNh-1q4m60v2lDEMdAheS9utCp1NoQLcmfLbDSKlxRfqnbxmM9_CL0IklUCFD9BZvVEiGs-gf4ZN1DPsUA_nxqCGLx03j3OuId32KkAbWtAdMYkc-CN-SaduVWIcnzsdNog9nANsqlCLwV4LZud166JdvcJyN6Tentqxb3ReLC-5RK_nLFp-qdjlX4-LbGqmmDklHwewEQ-IaQhiLMwbfiVhjckHm4C1t4QP73zhD_TAzAIHULh4LqGktvhNASGSlDEdlA9mMkIACAjc9a1zW6l4oURDSrTBnng3cJhoXE1qhcBDYPDcrH9lE6Ypd2kln9zxLvuUWrD9XuAe7uFMEIsJdFu25jhC8rWRlAqXkVEYVBgONULMbdIsdwSela5v9YH3C3IDRUrsxcVTZKcYUrMm929eEDcXw1DZ2O-jW2OAm3uEZFlJ6uePeI--8gZUDnTKHHBwPIeuG8djeJcqve47_D9ftpsXMGEZDLOHqi-gmIXTPeXu0nl5P4Tnt-hDzOJ&xkcb=SoD_6_M3G51bzHRrxx0BbzkdCdPP&p=10&fvj=1&vjs=3,not available
mechanical / electrical technician,job_9732ac952439e91a,https://ie.indeed.com/rc/clk?jk=9732ac952439e91a&bb=TGqPqDcFtxQonFZRMQMIA06kVcTLn7yr-UhR_TrDFKFyWZwBz88jE-03SzMOstxqwVEa6ob-dtCZsf4l7KSUo5GC_Hu91SfzFLn7XHhypG4%3D&xkcb=SoC_67M3G51bzHRrxx0AbzkdCdPP&fccid=42043f7b4c96869f&vjs=3,Posted 30+ days ago
electrician,job_2f9caf1da264c58b,https://ie.indeed.com/rc/clk?jk=2f9caf1da264c58b&bb=TGqPqDcFtxQonFZRMQMIA0NFyKHs9DxKaDIGcJnDVvV6yG5mKpjWHyW1d2A__yDmGetmL8sPkK8fCfeINWZPGm-QFmxUl5lsFimshUbCZtA%3D&xkcb=SoAx67M3G51bzHRrxx0HbzkdCdPP&fccid=20fd1ed572d171b4&cmp=Universal-Recruitment&ti=Electrician&vjs=3,"Employer
Active 7 days ago"
electrician,sj_11e974c6303b32fb,https://ie.indeed.com/pagead/clk?mo=r&ad=-6NYlbfkN0A7wtF5NWgKhrdnaL1hNSCl67C5ZQYjloVPDPmrJUO09OcbKG2mb5ZsWncqG4TnsDkO2k8ZLxtMhNUwjSTnSRi6D6JhcK7uHLz2t3WmxC3l1ZF1-SZoYwtT8-Bedr4mJjU-VOnPsMGTP0V4GDBHhA22_nNMPi3HzG8-wf77rLM9arQyYg9hovnELkGAses_kTo8JL4QCruEHy3tAwZn92yz8qLkzN5_O6so86C8fJ_jFlNJtY7bLBxuhUuAxpG7mOHDlhAHTpUc290GXoZcU49GyFLLl2mUGMv4AIFS3w6scLT16OCvMlK7envejq4wPDlT24aoBGsm9c3Aqhf2OVmqGgNrFweM3UX_XSTocAmtJM4q59dX3zgxQ-YfzvssUApRzkHqSi6iT9Zm452FX7CfFWUq2FU3MTznfsKSlM27MA8ko2BkYGH7ZtH305VFGYGYPE1mNmHDELUdRcrqEnVl8ebFuB7r5o7j5SR8Iax-pecPvwL4v7DcgZ6PuD08VEEvpJgMEj5d0KYJq1Z_9dwyECO3lqCfDeUbatAzdr3JOudtBHWK63LCqgxLyQgZ_0kASzcJepdlQH5rguEomGX2J57Y19CJMuNUG5N9BsI8NCPE3hVklYwdTnAC6nrtEqc=&xkcb=SoBx6_M3G51bzHRrxx0GbzkdCdPP&p=13&fvj=1&vjs=3,not available
maintenance electrician,job_8d83ec167196ea77,https://ie.indeed.com/rc/clk?jk=8d83ec167196ea77&bb=TGqPqDcFtxQonFZRMQMIA2OPKQSM-5TbKFMvcWQqQyHmg-aEy5aZTqWIlHmQRPUDG9Zy20lZ-23QiJhPPfnOL_fEUoqJo9WehBKNZD6irwo%3D&xkcb=SoAY67M3G51bzHRrxx0FbzkdCdPP&fccid=815a93f5fa5e3ac7&cmp=TCC-Recruitment&ti=Maintenance+Electrician&vjs=3,"Employer
Active 5 days ago"
substation electrician,job_1cce6b1591805b47,https://ie.indeed.com/rc/clk?jk=1cce6b1591805b47&bb=s80TbizRWPhUhyzYkh5eSc6LzR2MSlxMyH9eFEZkqhI7flE1AxxmkcA4jFkEzPAPO4VZKagKgsQAC_M44z9c5zT5jA8XWieGloCOCus14sI%3D&xkcb=SoBq67M3G51a51WHGp0LbzkdCdPP&fccid=b3b5bd8fe13cb400&cmp=Sherlock-Recruitment&ti=Electrician&vjs=3,"Employer
Active 2 days ago"
facilitates electrician,job_4eb7bdf23e43ae00,https://ie.indeed.com/rc/clk?jk=4eb7bdf23e43ae00&bb=s80TbizRWPhUhyzYkh5eSRrzL9Yb4utFMfG531DiOyyqYrnNxSiRVdaYbYakD7dnX-Dzw_85c9shnbGbKzHZz7KctrZX77VdO7fr1I93iI4%3D&xkcb=SoDe67M3G51a51WHGp0KbzkdCdPP&fccid=355b4b9a997e1c51&vjs=3,Posted 30+ days ago
electrician,job_57251733f2b88a09,https://ie.indeed.com/rc/clk?jk=57251733f2b88a09&bb=s80TbizRWPhUhyzYkh5eSQR7VYvOfu7b8fM746E6KGYI2GftmwGHQCOtfDCkAbrhQUKmXkfn92zdmH6HGJPp6WJPiyXUuooIvOmE576fh48%3D&xkcb=SoBD67M3G51a51WHGp0JbzkdCdPP&fccid=f00504919e134e41&vjs=3,Posted 30+ days ago
electricians - (kildare),job_469eb5cea22512b6,https://ie.indeed.com/rc/clk?jk=469eb5cea22512b6&bb=s80TbizRWPhUhyzYkh5eSX3tiK5u0kcrelJI2eUW_wH5tr4GHCdFRzr9BALLNocCQEf9-4X4ir9xpeW0l-MclCFxZ_mnZ6SFBBGKOwHQ6zo%3D&xkcb=SoD367M3G51a51WHGp0IbzkdCdPP&fccid=8515493db0932291&vjs=3,Posted 30+ days ago
electrical tester,job_ed1c6760ed7d7c71,https://ie.indeed.com/rc/clk?jk=ed1c6760ed7d7c71&bb=s80TbizRWPhUhyzYkh5eSdjQuLmKA4RVyUrpA8vXwr9xwtg1VgOrPtlf7AQLP3NnoK3Qb3kyQwa0uWDuBgE4CTNhg-UQrpEcdtVHayFvodw%3D&xkcb=SoB567M3G51a51WHGp0PbzkdCdPP&fccid=644166deba87ede5&cmp=Allcon&ti=Electrical+Tester&vjs=3,"Employer
Active 2 days ago"
electrician,job_e0ac8e1e619440f3,https://ie.indeed.com/rc/clk?jk=e0ac8e1e619440f3&bb=s80TbizRWPhUhyzYkh5eSZGK5d-qo_YtqInZlkOnFLAJ_21ApQUG-WADueP1PlTTrFNlCBgxelg56EiF0uTE9crZN73OMXo2z4guqsOHtsQ%3D&xkcb=SoDN67M3G51a51WHGp0ObzkdCdPP&fccid=034639a83a1bc0a8&vjs=3,"Employer
Active 22 days ago"
maintenance technician electrical,job_c6c2d0a1350f4dfa,https://ie.indeed.com/rc/clk?jk=c6c2d0a1350f4dfa&bb=s80TbizRWPhUhyzYkh5eSTzJQTQeXr28ac3EvxmnZWxm9trK8uTe_grfV01F4-Io654DqPuL37B0iUfn1IhO7Q6HlJfn8GA2yFxb2N2tRoo%3D&xkcb=SoBQ67M3G51a51WHGp0NbzkdCdPP&fccid=7c0a694a2e1ff73a&cmp=HERO-Recruitment&ti=Maintenance+Technician&vjs=3,"Employer
Active 21 days ago"
electrician - dublin,sj_d2271d712c8ddb52,https://ie.indeed.com/pagead/clk?mo=r&ad=-6NYlbfkN0D9DvYpdG0J5_uKeYLBx_-mOzDouPC18YXy0QiSeSItrwzdANcR1OtCqDxHKKij0mVms7AtEKkkTUIv9Scn2P9o9BBy4T4BBPJyMmHkgy45wYj1tN5z7JBkHSHnytp_TOHl_y1f1sOjsuMYjrskleXAMwEm6WUf3yncDFStBwUASSK8g3xGuX_xwnqLqVPOWSou0wjGg-xe8XCllq5Jnro0E6dNTrXzgwFv5xT5AaNT3mBacXIuU2nSyKG6nMJpXrZTmucNmSR0dngXEz3Ru4X9C5umrwm2QpWumgpQp-wVmGC96zy84IakLIjUj_esF4q47rd5QK6_3gWa-BPx0E8MlwGNQah506gDbZntowkMlnfTI4ZmyafxB4FKBtU1NpKGi6D18hGxNer6dI1t1obJOOmhXxAN3bGZWagZu1OO03VVdgRcMHCKoYJXkrsGvo5Gufn81VNcMSisF3dZ1pIc0nNulD3ewPSknJ4o2TMBS5b8GtBMu2Xnjj3r-Wo2i9cmu8lz453jwhXKi5Y1J9Fz5i3JclDsMSGqm1rGG0Id3a5ZKI52RM1LLjbV1zmRpBRId34-K6UKejKz75nDerXty_y7E2FhKtloYDTSvA4Ser9p44x2TkiaDE6udd5Awrk=&xkcb=SoAQ6_M3G51a51WHGp0MbzkdCdPP&p=7&fvj=1&vjs=3,not available
electrician dublin,job_a8dc8115ea3f4b55,https://ie.indeed.com/rc/clk?jk=a8dc8115ea3f4b55&bb=s80TbizRWPhUhyzYkh5eSbdck54YN9FOCYH4j_q73U-X-BFG5QmPusQX5A_gObLRue1LUh21i7yZANxYwYYsfqA5T5xZGcDukzR76S2Js1U%3D&xkcb=SoAN67M3G51a51WHGp0DbzkdCdPP&fccid=fc868b1d7863066c&vjs=3,Posted 30+ days ago
electrician,job_182200c0f7ee8835,https://ie.indeed.com/rc/clk?jk=182200c0f7ee8835&bb=s80TbizRWPhUhyzYkh5eSTzJQTQeXr28G_o9AyjF-aVQ842sJaA7OouRS18sXWQI2rQZ45CFH7k9tgM0ZE5DOfGYoG9TA2M49u9ahKua6Ow%3D&xkcb=SoC567M3G51a51WHGp0CbzkdCdPP&fccid=e8d1be1bd0a65427&cmp=BMS-Performance&ti=Electrician&vjs=3,Posted 30+ days ago
electrician,job_0b07b2b8d106297f,https://ie.indeed.com/rc/clk?jk=0b07b2b8d106297f&bb=s80TbizRWPhUhyzYkh5eSWzExUIESuGjYPJOxV7RJpa0ss4mMBzCJ96l7ZeLqjrcnqtf3YWogK75oMrKGR81x_56_6PsWCq6s9XDd2QpTnQ%3D&xkcb=SoAk67M3G51a51WHGp0BbzkdCdPP&fccid=e8d1be1bd0a65427&cmp=BMS-Performance&ti=Electrician&vjs=3,Posted 30+ days ago
electrical multiskilled technician - south dublin,job_08d8dbfaf2bcca11,https://ie.indeed.com/rc/clk?jk=08d8dbfaf2bcca11&bb=s80TbizRWPhUhyzYkh5eSXs2xuDaIGrR602WvRZk7wxqhokfOU_NbSJGj_ZOuGd4oQHnjrq2vVfbOF50O7QmUiCIKmoWmBjQiGmHpBzbF5k%3D&xkcb=SoCQ67M3G51a51WHGp0AbzkdCdPP&fccid=2b7983d6b65c6b71&vjs=3,Posted 30+ days ago
electrical reliability technician,job_dc357adc6871e816,https://ie.indeed.com/rc/clk?jk=dc357adc6871e816&bb=s80TbizRWPhUhyzYkh5eSYyec08JElmBdRLHIQQj0PB3ojBXvjY-bEg3QvBJzZJ8mlNn-_3NWhhV1RDM6hAUAZN3sZDBcInYAFxxpJN3A48%3D&xkcb=SoAe67M3G51a51WHGp0HbzkdCdPP&fccid=10c749f92ef4228b&vjs=3,Posted 30+ days ago
qualified elecrician,job_d5c7de2d0e3daa33,https://ie.indeed.com/rc/clk?jk=d5c7de2d0e3daa33&bb=s80TbizRWPhUhyzYkh5eSbOoypW7OOOwS6Wi40FY_m2rNWreFgm--n9BUjInAchoGXDB5C-cjzMl34C6Ib9Obv0ImTxWtzvdzB_eXOCaQlk%3D&xkcb=SoCq67M3G51a51WHGp0GbzkdCdPP&fccid=5c3334b836d6beba&vjs=3,Posted 30+ days ago
mobile electrician,job_7e3efdc7ab6dfb30,https://ie.indeed.com/rc/clk?jk=7e3efdc7ab6dfb30&bb=s80TbizRWPhUhyzYkh5eSZ56Quvi0R7QxjEHrjr3XUIVuGhDVSmnqa3RbDNQwitjKRl8eYBmxW3mnvwKPt28ib9XIwmfQSRbDTQR1Qcgrro%3D&xkcb=SoA367M3G51a51WHGp0FbzkdCdPP&fccid=355b4b9a997e1c51&vjs=3,Posted 30+ days ago
electrician,job_acaba40c1211620c,https://ie.indeed.com/rc/clk?jk=acaba40c1211620c&bb=J_zINwgkqmXtpgrLpHtm5ejendVK5YzhnsS45Tpzzy7iOfxr3Hvsb1VQN4hG90tYuL6v-QzlIhdTzO4OVO9kp3bHjVF6_AtIr9y-PSu5O1I%3D&xkcb=SoBL67M3G51Z2S2HG50LbzkdCdPP&fccid=600ad4ec1dd4e1a9&cmp=Zintek-Systems-Ltd&ti=Electrician&vjs=3,"Employer
Active 2 days ago"
electrician - circet esb smart meter program,job_ef05a78eb410d0eb,https://ie.indeed.com/rc/clk?jk=ef05a78eb410d0eb&bb=J_zINwgkqmXtpgrLpHtm5YJbXMo-YmNMq8yGp2yvudjs_dYguXpTYY-HmVgsQapnyOOZ1GnChapCZkRmL_0Tq0KG7vZINg_fIDWtKYIKQjw%3D&xkcb=SoD_67M3G51Z2S2HG50KbzkdCdPP&fccid=a5f253a586eb5f80&vjs=3,Posted 30+ days ago
electrical maintenance technician,job_7e0bb012de8284fa,https://ie.indeed.com/rc/clk?jk=7e0bb012de8284fa&bb=J_zINwgkqmXtpgrLpHtm5U6jU8gSqE1JD1sXo-0TLSUrUKuJndGIoJSvy4x0i06PEtp5km0xxbxmPgWR7rXsoOThW0HxOtvZtRDeRcEZeCs%3D&xkcb=SoBi67M3G51Z2S2HG50JbzkdCdPP&fccid=b385273868d506a9&cmp=Hyatt&ti=Electrical+Technician&vjs=3,"Employer
Active 2 days ago"
electrician,job_b44ccf582b033d1c,https://ie.indeed.com/rc/clk?jk=b44ccf582b033d1c&bb=J_zINwgkqmXtpgrLpHtm5aWG6E9Z30_ZcHghCCz5htpb-1vq0NFM0dxasBOfuS2U3_hKzVtbmebU0hd2uzYkPeZkmLgFeMBEBrZpLhLabsw%3D&xkcb=SoDW67M3G51Z2S2HG50IbzkdCdPP&fccid=e8d1be1bd0a65427&cmp=BMS-Performance&ti=Electrician&vjs=3,Posted 30+ days ago
qualified electrician,job_4d270d05fa8ca6f8,https://ie.indeed.com/rc/clk?jk=4d270d05fa8ca6f8&bb=J_zINwgkqmXtpgrLpHtm5QltBvZR26UM0wTLyMImSysm7WXiQTx8OFWMsYI32O98S6UukmZTgIVImRDWuNmPBtSK-FOzbjNXa3fKbR-ipQ4%3D&xkcb=SoBY67M3G51Z2S2HG50PbzkdCdPP&fccid=db3c494ef7940b86&cmp=KN-ELECTRICAL-SERVICES&ti=Electrician&vjs=3,"Employer
Active 2 days ago"
electrician,job_9645f892ba2f099d,https://ie.indeed.com/rc/clk?jk=9645f892ba2f099d&bb=J_zINwgkqmXtpgrLpHtm5cmdinmfV8aKRdH8FGb0EOm_fl4_VthJCTy5rvGS9V1M9rtIT7K5P8Wd6k97RVWAoTKQAEP7pKfPT4_vXIxZ95k%3D&xkcb=SoDs67M3G51Z2S2HG50ObzkdCdPP&fccid=8718b6e9423fe2a3&cmp=Recruit.ie&ti=Electrician&vjs=3,Posted 30+ days ago
electrical & instrumentation technician,job_d3e8825ae89921f4,https://ie.indeed.com/rc/clk?jk=d3e8825ae89921f4&bb=J_zINwgkqmXtpgrLpHtm5b6N6e1rmbDhI81SO8SHq1ubkCTy87K8bkQAHbpujWg6AU0Elf0XpbuvdnM0C5N1p0dn6zrAGYdSra_Cq3UJZeM%3D&xkcb=SoBx67M3G51Z2S2HG50NbzkdCdPP&fccid=7e0d7cb0b280cba8&vjs=3,Posted 30+ days ago
electrician (service operations),job_317ba52844d08fdd,https://ie.indeed.com/rc/clk?jk=317ba52844d08fdd&bb=J_zINwgkqmXtpgrLpHtm5VcRXwMNDDjpLzC3oxwkrO9muz7IgPWA36sHIDFnvVG3AaSxoHUkyeaVvxdrDQ6EQMIossL65y3wREMDt778Ixs%3D&xkcb=SoDF67M3G51Z2S2HG50MbzkdCdPP&fccid=7e0d7cb0b280cba8&vjs=3,Posted 30+ days ago
mobile multiskilled technician,job_f0d46b4e9360a631,https://ie.indeed.com/rc/clk?jk=f0d46b4e9360a631&bb=J_zINwgkqmXtpgrLpHtm5cebGO8EQN4IwnN2kc2reNc-dLK1NuyvQ1iu-KufYpCJWXrCkMacA5FQYRFGsFWjpmkdycXJkGhOUskwqeM4v5o%3D&xkcb=SoAs67M3G51Z2S2HG50DbzkdCdPP&fccid=2b7983d6b65c6b71&vjs=3,Posted 30+ days ago
electrical technician,job_e3e6feb1abca2ff2,https://ie.indeed.com/rc/clk?jk=e3e6feb1abca2ff2&bb=J_zINwgkqmXtpgrLpHtm5RSonzP38OxvZOB8RY5tSlpudJAf1S-4oJG-16POOkmqQpcKviIHR-WqIkdRQjCyKcQKXBu4ju-YAmTHHq0k4hQ%3D&xkcb=SoCY67M3G51Z2S2HG50CbzkdCdPP&fccid=6d37060897aec0ba&vjs=3,Posted 30+ days ago
electrical technician,job_0e0d4eea8a84958a,https://ie.indeed.com/rc/clk?jk=0e0d4eea8a84958a&bb=J_zINwgkqmXtpgrLpHtm5XjNEp9v9phvWmnZ_d3o5QyMp7WGAD5Znf9E3vHilXerYQi6U_ES_89zYqYzQg3AWTlO3vQCcZRWgVHvYbmjeuI%3D&xkcb=SoAF67M3G51Z2S2HG50BbzkdCdPP&fccid=52b77b1af1b047c3&vjs=3,Posted 30+ days ago
qualified electrician,job_f3985f83a31aa914,https://ie.indeed.com/rc/clk?jk=f3985f83a31aa914&bb=J_zINwgkqmXtpgrLpHtm5XGfRtNMKIBBQJnOofF8gCYEx1wHswcyOgd-v8ubYKnfSjjcJmVhtgDF3Y9U4vioWOSuDj8IVqAEZI_7lhZruYw%3D&xkcb=SoCx67M3G51Z2S2HG50AbzkdCdPP&fccid=f85a544f980fe9f3&vjs=3,Posted 30+ days ago
service technician: ireland (ics),job_aba39cfc81ceb810,https://ie.indeed.com/rc/clk?jk=aba39cfc81ceb810&bb=J_zINwgkqmXtpgrLpHtm5cyQPwytBOiw9fVsQl8EphJvXfASK63BZP9GZ0eMqq9T-x_mu8kE-gVjQhRqhHVMll486f5tz36FPZabsU1J89c%3D&xkcb=SoA_67M3G51Z2S2HG50HbzkdCdPP&fccid=64739a8388b4fcb0&vjs=3,Posted 30+ days ago
certified electrician - junior/mid level,job_d5e214ab45a37456,https://ie.indeed.com/rc/clk?jk=d5e214ab45a37456&bb=J_zINwgkqmXtpgrLpHtm5XjNEp9v9phvh4nZfrleQmoC0K3H4MtxcqSqyyaLLXoV-uoJHplfDWfcsOVl65ygLx3YigtZ5Fib_QQ77dbO04g%3D&xkcb=SoCL67M3G51Z2S2HG50GbzkdCdPP&fccid=fe2d21eef233e94a&vjs=3,Posted 30+ days ago
electrical foreman,job_a7e3fdc98953a06b,https://ie.indeed.com/rc/clk?jk=a7e3fdc98953a06b&bb=J_zINwgkqmXtpgrLpHtm5XjNEp9v9phvM6ICRMf8UHnhU8oeMtU0OPgDvtEGB1XkIQsVbM77eq1nQjfxV-bjqx2jjYwM6A1uptL-AAmuc5o%3D&xkcb=SoAW67M3G51Z2S2HG50FbzkdCdPP&fccid=c2c6d75688c8dfb1&cmp=Kildavin-Technical-Electrical-Contractors&ti=Electrical+Foreman&vjs=3,"Employer
Active 25 days ago"
solar pv electrician,job_d04d460e1ca2c0ea,https://ie.indeed.com/rc/clk?jk=d04d460e1ca2c0ea&bb=fFn40z5Z0MENFB0__sicT_M9OkqsQ78zJKD3_9he1a33npAzPhQ_wsdSJYMemR6__ESDKgLjNngu5YfantlBoPZ518y-ItUkpE4f1CbSM6w%3D&xkcb=SoDW67M3G51ZMJx9CZ0LbzkdCdPP&fccid=ee3d52c11cc4e074&cmp=Blackwell-Contracts&ti=Electrician&vjs=3,Posted 30+ days ago
reci electrician,sj_960946dacf61bfb6,https://ie.indeed.com/pagead/clk?mo=r&ad=-6NYlbfkN0AeOrko3BgnLfAfZm75bV2UyFx0RVVrycIKsO6nGCESelWO2lW5krcm_3PtnxRFsrf3sfKrwc3XDVGyFWn-ERACLac3cdjZtoZ-SZC73wu-OJA01n6Lec8M_lmO7kdK-c5oua-l4MWour54-6KNfOLBmqEq19ktU7aDBRtXKqeH-xUZRlp-c1rAB84k-augB3fW7qkQOMXyob_vLtkffGgcavAK1aNJ9zWx4PiGncKLu-1H_Bw55G17mcWiqdJo71xnAMiw3z5goHxmF_cZk057Y3PJ4R-DmT0Mu9s1tNUB2S_neon6Jq94iRS_twJikhGZOCRMRScIxlO_SCEbuAdkg3WVWpw0yv_dnL5wDMIR1YBMBlE9MsZHuZ8K5PJd8B10H5few3ZpYZnDYdQMU9UPG348nydpFUU7SkUhLu6YWV-FMQAfZCYXWtvSI5lKJfIg78sZWPFpRra16sw9KwQ1AqkRS9ks0hB1ni69ZERmjKlgvGDRKhWrBGlsYyB-G9Xf9FfJyhMZVZaRWpFRsWKLnlywRIrw0gFAoqHUMFfYT9CjWDLtbjzoV2G7lOz6PgBjS4nVUcm0CvsKapUmFzpZeCFy7tEpX2CCzltMLctbKk1BI2IE2TCB&xkcb=SoCW6_M3G51ZMJx9CZ0KbzkdCdPP&p=1&fvj=1&vjs=3,not available
electrician,job_fab8c183b3adb414,https://ie.indeed.com/rc/clk?jk=fab8c183b3adb414&bb=fFn40z5Z0MENFB0__sicT2rHb5xMMccVdykqu5XsmrMdfCrT6p66HzQMZ8oN8WTrZHw6Egx4Y9osa7mk6EdZhlx-WkVAPDXV3hn6B5HQmzA%3D&xkcb=SoD_67M3G51ZMJx9CZ0JbzkdCdPP&fccid=bb50cbc3e5c3601c&cmp=Care4yourhome-ltd&ti=Electrician&vjs=3,Posted 30+ days ago
electrician,job_b66e18cb48768a51,https://ie.indeed.com/rc/clk?jk=b66e18cb48768a51&bb=fFn40z5Z0MENFB0__sicT6LWnKuxLmbDpqA8bJsnO7qm-d5FIF5fIaGtIPcX0eeYVwAjZSFsRLkciPZV07yCFuo1U4RtSnMQdRCo80oHlvQ%3D&xkcb=SoBL67M3G51ZMJx9CZ0IbzkdCdPP&fccid=4b89a2e538503fdc&cmp=Global-Electrical&ti=Electrician&vjs=3,Posted 30+ days ago
electrician,job_ca55b895c0626332,https://ie.indeed.com/rc/clk?jk=ca55b895c0626332&bb=fFn40z5Z0MENFB0__sicT1Ot1B1vqMLTq5kknt3s7s_VPOGUxcjY445ji_gFNEwwxOjx1E38pgKgy32fiMfMzRtbaGHGyCJ-RsQ9pHVLmBI%3D&xkcb=SoDF67M3G51ZMJx9CZ0PbzkdCdPP&fccid=d4ea3574be330cd1&vjs=3,Posted 30+ days ago
maintenance technician (electrical),job_93157bf7280811e3,https://ie.indeed.com/rc/clk?jk=93157bf7280811e3&bb=fFn40z5Z0MENFB0__sicT6NZGJN4KhRPHNSz6MJyRCJG1YROcc9Ab1QAsSMO8Lr2808S-mv1VATwM6HAYwJ4C-Q6MRdJ297Crl4axQB1Xzw%3D&xkcb=SoBx67M3G51ZMJx9CZ0ObzkdCdPP&fccid=0da37cb69153916e&vjs=3,Posted 30+ days ago
electrician,sj_423841e500db3650,https://ie.indeed.com/pagead/clk?mo=r&ad=-6NYlbfkN0BCUI6UpWKbVAY4VGThJZoNFt5fUwUSbIYNkOXI99afavA8P7wRILYbKC9-UcDkei0-scCpX6620HyyZGtydflc4_Y3HsKRziJBX8z_p-eXEUo-Wv7VOAr9uUmp4gBhM6kTgamW9EcuIxcxB0svSyD1JGgnB-GS66XanOFzgMkzSXMwhTSAqpwkbnMk-fKOb39W5lKDlzbEhWY1eueAcYGEvmCfK5PGrRhG5gZ7ER0M8yj0MrJZSYIfmXw_UnaoGWPZGIRO7fD7wfZRuTo66veHApzRdW5wYvd58c1_MpiPR9k5jIzxbT_qah5u1Uk5jLBcZ_e3jqiyogBcxnYvoBzSEWl0gF_fK4iL1pEKaX6cigtsXg9iXPNiqYRCpCmmh-oho3dyZr3IB6Arkc-HuL9jg0hVR8Br2HXdHdQP0ehTMI0X19ANnAuTqK6icL1C3QA3dV_BPCUgau5QOu1K-BFaHSlQJq_C5FY_CF_rx26S9CCDvJ5o6-TrKXwYafIhjDiCR8DGpa7osoF4GCZ99l6nv6TWMrQU7FRzTYsdoe1gvIyJIv8MgfwD4z-X-KUK_jFWgQyXUJTkt_Jht2cutn3-qVKoR2DsSdYBM65YMswmKTdMX2CaWtCa&xkcb=SoAY6_M3G51ZMJx9CZ0NbzkdCdPP&p=6&fvj=1&vjs=3,not available
electrician,job_b34cbdba439e0c24,https://ie.indeed.com/rc/clk?jk=b34cbdba439e0c24&bb=fFn40z5Z0MENFB0__sicTxR0ODo8ycyW09L232RGqFSg5c3jns4luYIqTrPoWHNY4TMHPvWwxMuGcV-_i_39uqVbBTjUkEGa-ujVpYA0BIA%3D&xkcb=SoBY67M3G51ZMJx9CZ0MbzkdCdPP&fccid=d3f8fd202e6514d6&cmp=NGS-Mechanical-Services-Ltd&ti=Electrician&vjs=3,"Employer
Active 6 days ago"
domestic electrician,sj_c950f09febfa2516,https://ie.indeed.com/pagead/clk?mo=r&ad=-6NYlbfkN0DxID8El5kpcENk5DV1zjYMwyIYJttubiFDhmB4jqIBj6kHe_-y4RcQivp0t_SHezLbMKqCs2Ixr8ESONFmOwDQdBeJZnvfEOjMRQbeAjvT5G494o_N7xWRw2WRzaDDkP_4wt-YrcsK0ELFOrN6Tultsko8GzjMubz48HwrCupsoVQ6ts1vpPaBT2sjwLxxusDLNy-yTMnZuoAZ3Xx2fzQrkTh31WnRxw7qVEkYycW6xYExlr1Z4gjFOnnQCMhVL9qfaa93GhhExuIITN6TfBhXgB6QJzUkLjQ759X-MymzwWBenC6LHbNiu6MbXGTVwX4WmqEdp0eCxJSY-FMJT0je8wBJiITfAUppzKLyxrbHH0dvmYCr0is-OJDogYqEbscreZvddZeY4-vwNlBgyLPrPkztcPpv--z5UnQbO4gpm4GxhSkmp5GgUjRg2mogGHLQDv0hHeauIFfdbeNreZRD39JUNF3QqreA6SuGW8iCVPgfht59woVgfM7Tsx9mjZ8N-qLqP2JHBXuWZpPYzvPJ_krWo-AJo_RXW2SbMEI5ojAZz5s83cAIjnXuS_RSmxNgLfyLmgPvNKOb4UsHGBABx-uJ_ha6cfxehHHb7WHt6oMlVf-DM6rfh0GGgw_WxOps3LSWX0i1Vg==&xkcb=SoBF6_M3G51ZMJx9CZ0DbzkdCdPP&p=8&fvj=1&vjs=3,not available
electrician - dublin,job_2cc962211d2463c3,https://ie.indeed.com/rc/clk?jk=2cc962211d2463c3&bb=fFn40z5Z0MENFB0__sicT_9dcDZcNJp_N4PdOgzGsjnmUdIGm3KwcmK8rsyxFTf_cKXF6zbUh8j-TFRXHWjGm_WWWAY3LMIsdEiIZ8DZA_U%3D&xkcb=SoAF67M3G51ZMJx9CZ0CbzkdCdPP&fccid=efcac7db2bb1cd8a&vjs=3,Posted 30+ days ago
field service electrician,sj_90ebbed0877743c0,https://ie.indeed.com/pagead/clk?mo=r&ad=-6NYlbfkN0A_oRdrHk2Gnju5Bv86hB668H7J07LhQOPI0e5mUBBDqRmgw7lWYUa7Cp2ZoDlalJt51HqLABGXKQAoqdzKz4tQZ8_sctcQ-iDNW6Btzl4T5aJqR5hM0nHY3fPB1si4XtR-2NRIoxySv4xh12I6z_Z7TZzadUo0QrQ5r7ewLihSVHfOxbuvc-cYYw4_EJJZxq7BFlzbntGWNO3xoLLKKA-fqwUJre8g18hfXblFEky9tF6Vn_ncByMmKt3zCvIWm81Ykn1FzK5j_BEwEBRpi5orJrxYnh981-1XcZwrlHl12GKbcPR1JVoK2Biu5q8x4E_Pph9e0mKdkqJT55Bb4EVlvt3ULvWKO-tty5SpxzvvyCybzSCZOOhb7HPyNbHN-5DhN4nqOELrOqH3XRy6DBISISbqZCJX0tikcKuBOvmNC5he2kii2XwWsPipr7pIBNmIy1nvmF5UUfaGMEtnD48l4W7BXrmb38nCE_ea5VLJ7F9DTsBdJXXZBYQk1yLBkYNUTOQaEaMl2Z5Mz1Bgsz6WZWgbsFvvvtsvHk85tr4lWZBCOn0j4yaM22hEBrB_PByM64f0BJzifKR5MYSKF1F2F58vCcDnthSXsSHdBSalKc8s1LMEscqE802_6ez_48EvMDzvhkPPcg==&xkcb=SoBs6_M3G51ZMJx9CZ0BbzkdCdPP&p=10&fvj=1&vjs=3,not available
maintenance electrician,job_6f5139b8bc9ebd94,https://ie.indeed.com/rc/clk?jk=6f5139b8bc9ebd94&bb=fFn40z5Z0MENFB0__sicT337AiFxzWliAq1C_izBk4p35w2fWDHCAq6f8N-xIuRNBHgT5YYBnQYLP_Yk8sQprt8De0J30xelG9eE-3FwNEU%3D&xkcb=SoAs67M3G51ZMJx9CZ0AbzkdCdPP&fccid=ab58396f27c4af5c&vjs=3,"Employer
Active 6 days ago"
electrical lead technician,job_f75f694878cfd50f,https://ie.indeed.com/rc/clk?jk=f75f694878cfd50f&bb=fFn40z5Z0MENFB0__sicT23RdTED8RpdDP2fjTEscina702S5qQd1jVCjow0DYTUhbImPhDC1TsnesKrHx8SaXfiuDXw3qQ1OMzasplzdPM%3D&xkcb=SoCi67M3G51ZMJx9CZ0HbzkdCdPP&fccid=af06679e2c1feb0a&vjs=3,Posted 30+ days ago
maintenance technician m/f,job_b1c784f7fff03efe,https://ie.indeed.com/rc/clk?jk=b1c784f7fff03efe&bb=fFn40z5Z0MENFB0__sicT0WEj28w3vCtRKSyMuEWH9jLa10g9KoJdHqN8XXlFq8af8DiSBq3ozdkKZohtWzrRvUfnE9JniMRtuJH_voOEyc%3D&xkcb=SoAW67M3G51ZMJx9CZ0GbzkdCdPP&fccid=7416e5d640f2dbc4&vjs=3,Posted 30+ days ago
electrical tester,job_892bec7f510d3049,https://ie.indeed.com/rc/clk?jk=892bec7f510d3049&bb=fFn40z5Z0MENFB0__sicT1t5QepMslxHvMwzy-H46fUM93t4YH6qM2mSAD8isuSpQTTA6Hw69MUHeFkzj3GrBmyVjpUXBBk-HTf0KKDrbBE%3D&xkcb=SoCL67M3G51ZMJx9CZ0FbzkdCdPP&fccid=8c0b325795c8a579&vjs=3,"Employer
Active 29 days ago"
commissioning electrician,job_2a5e199ef960cb76,https://ie.indeed.com/rc/clk?jk=2a5e199ef960cb76&bb=b0wCyzSt7N4buUr2tjWDCqd-6K3y0hkm0IUm7Kfp3sOqABFxOs5u1lyjdmzX6g1fUWejOQ4zwUk1XmmsxHCwpWxcqdxNFMG6kAE-IOmOy78%3D&xkcb=SoBH67M3G51YTNWHE50KbzkdCdPP&fccid=be026d1bfb342bcd&vjs=3,Posted 30+ days ago
electrician,job_0fbbcea97b628e75,https://ie.indeed.com/rc/clk?jk=0fbbcea97b628e75&bb=b0wCyzSt7N4buUr2tjWDCmZyyy-gqmop3y8xrw__IOSNSHyynruZ7xslnFULzHpR_rB6TYt357cFbaxSq07qLXhyOz8AUUTS5mvI_hjyffc%3D&xkcb=SoDa67M3G51YTNWHE50JbzkdCdPP&fccid=be026d1bfb342bcd&vjs=3,Posted 30+ days ago
electrical technician- dublin,job_b5ef0537e8588e55,https://ie.indeed.com/rc/clk?jk=b5ef0537e8588e55&bb=b0wCyzSt7N4buUr2tjWDCt5a953rPE2iV9AxedZTd8eLmb8PUd_3Qh4usF4l21H2S2caA1Ar-wdsdMsr6qYnJGkZ76iUekoXVFkTHqtphoY%3D&xkcb=SoBu67M3G51YTNWHE50IbzkdCdPP&fccid=c76cf391623e0302&vjs=3,Posted 30+ days ago
automotive electrician,job_e0b14c12cd02e301,https://ie.indeed.com/rc/clk?jk=e0b14c12cd02e301&bb=b0wCyzSt7N4buUr2tjWDCvTggMMrA0fXdr7iR_hWPAcftYk_sRcLlfL7XH3FHX1YekHIskYrxqLZbbKFX3fgkX7Ap1siEQNN_Pm2PT6CeWQ%3D&xkcb=SoDg67M3G51YTNWHE50PbzkdCdPP&fccid=0be1665b3a9fc3c0&vjs=3,Posted 30+ days ago
maintenance electrician - ringsend wwtw,job_4d99eb3709edf2d6,https://ie.indeed.com/rc/clk?jk=4d99eb3709edf2d6&bb=b0wCyzSt7N4buUr2tjWDCpyCA37nIKNtx9BmjRbFU0mtdwoH39CRPjzjYcTVER1-QHZhP9l-pAP2aeXxMFc_S_1Ltp7fzvIVaLiA1aGyQEE%3D&xkcb=SoBU67M3G51YTNWHE50ObzkdCdPP&fccid=1baa39e13b89d413&vjs=3,Posted 30+ days ago
qualified electrician,sj_80b11f8ff8001443,https://ie.indeed.com/pagead/clk?mo=r&ad=-6NYlbfkN0Da920H820rnjfdWixN2eGnxDQ7VvJOFTu7EV53VpXwmPogUEGN2VBTov6-x5eDo0dxld23GThlWuGpNMsFbPiwfzdhpKf_m3iUWaNloe3-h8JqRHhIBMgoIt6g4YIHfbyGJ9GGBY0Mcv7OcO4BolJ_fLFL0ozrpTav4_nDT-yFj-hB8e3KJe4_OqYdtOcpTNEJyVVnDxfVVH649F2WbA8wxnNAvmzhPfZX90IpB0Qi1IJ2exN_IjNznILlEK20O772pDXfMfT19a26OFcItsLenvC_pnQMVGSvp72eUMxi02E_9pLI5fV1a0GFHbS9vY5htwfXkXxJpKWjJImjZbia37GtTkasOx5P65NDSC3lReDcYXMN6G2BprnT8OrpT7NxMws6Q3Xk-9WxTuj1cKA_8AE-b0XHrpahXkFbNJG-3gDJjP5_w8YcURxhg28zfp0aqKmt1nId1O3ZwIryaNiaUcfu18wi92UHdB4BOPPo_uNaZnyQmHbaH24lnm61tRQ07wVETmUOcKF9Ynzq3dFiVkIt1o5fpZgQ_MN0lvttL-DT_3hEn7GQrSVby2eNjMSlF3Wv0ZKahttydEfp1HxlXvWp57sTYHy5o6icJWs8Uiwlp1borTWx_Yz8g_Zn6WNHkewlSNcu1w==&xkcb=SoAQ6_M3G51XFIgP270LbzkdCdPP&p=0&fvj=1&vjs=3,not available
electrician,job_b34cbdba439e0c24,https://ie.indeed.com/rc/clk?jk=b34cbdba439e0c24&bb=NkdGrQrMpKsY6H0s0jCFle8mrASWNOt2BhOkWGy0pQznrUJa09D0bH6rfsWFE_3wtUIshWQeoEFWapRYh8EBgja4Hkd29MIOyURSctmdzm0%3D&xkcb=SoBQ67M3G51XFIgP270KbzkdCdPP&fccid=d3f8fd202e6514d6&cmp=NGS-Mechanical-Services-Ltd&ti=Electrician&vjs=3,"Employer
Active 6 days ago"
domestic electrician,sj_c950f09febfa2516,https://ie.indeed.com/pagead/clk?mo=r&ad=-6NYlbfkN0DxID8El5kpcENk5DV1zjYMwyIYJttubiFDhmB4jqIBj6kHe_-y4RcQivp0t_SHezLbMKqCs2Ixr8ESONFmOwDQdBeJZnvfEOjMRQbeAjvT5G494o_N7xWRw2WRzaDDkP_4wt-YrcsK0ELFOrN6Tultsko8GzjMubz48HwrCupsoVQ6ts1vpPaBiLu37SVGt1IaiI-pJofzpiWXJX6qRwLSaP_Dnp8kNfb-rvjCVbc8FZw7Po9ReVq4T9BDxfXnSqiYtWXrqnUoFMNFaunkpA_ZIlDo3xbysl4prnVPj42npk7Q8HGzi5Jv29O1D84Xxbo6_ZUayJ1CMtyiFVN0O4QQKvncObX8yAJeLKrWYkvs4AbQPK6jh2gAdqdJ_B2R7UqeZcIY1-OszrkWVjTLvnFuNi9UdQk1eZ5qGmv9mVVfSEZsCDRlFSDk4RycNnqWXsJj-7cqEpcwP5IGxzEusCwFC3ZV067YzgBeZT7BESoxJq7mE_ywE8BAznAT4SMHfGTSpQ1och-vIYgyVB1LCiEtFDn-tFLfvIEyq0pGz-X-18lUdbHRPykXfU7RWoyDCEM1q7JpB39cTJRUZpyQ1MWqEfudg6fPK6jV1lb9Z3SJQ17PAk7FgU27cDhkM20KyLE=&xkcb=SoA56_M3G51XFIgP270JbzkdCdPP&p=2&fvj=1&vjs=3,not available
electrician - dublin,job_2cc962211d2463c3,https://ie.indeed.com/rc/clk?jk=2cc962211d2463c3&bb=NkdGrQrMpKsY6H0s0jCFlSlh8pji_QwGUexh44viDhjP26qL9NeUurB6o5Frc6nrELQaBwXEP7u5CTOA-Lr3HPXE4Q0kcCFCn6I5yX3G_ks%3D&xkcb=SoB567M3G51XFIgP270IbzkdCdPP&fccid=efcac7db2bb1cd8a&vjs=3,Posted 30+ days ago
field service electrician,sj_90ebbed0877743c0,https://ie.indeed.com/pagead/clk?mo=r&ad=-6NYlbfkN0A_oRdrHk2Gnju5Bv86hB668H7J07LhQOPI0e5mUBBDqRmgw7lWYUa7Cp2ZoDlalJt51HqLABGXKQAoqdzKz4tQZ8_sctcQ-iDNW6Btzl4T5aJqR5hM0nHY3fPB1si4XtR-2NRIoxySv4xh12I6z_Z7TZzadUo0QrQ5r7ewLihSVHfOxbuvc-cYcXreSqJVStt7gdMt8W_0DOfR2MQDngr1tr0_1gxbnDjDEhaAra9WaEW_pJTyOIr6Oyv0ynPKuRdNcmilopmwCPETLDUpXBVb8wCYGfIn5YNrfNJqCasrOHlS-pAE9xmks6HgezKsWPXIbcBgjiMMG9G8Vic8AuSi6vjVT9oZ5LtSC7s4tkcNg6u9IQtwka9PIbE5tOBH-KvAwu0lTJowuvWC6nwWCZ_VFTarEfFT9R29X3QL792VhgLUF9dBOjSggwzqAsfWmq8f4rNyUh-tE1MZYtxk8mPYpDiEwXguLiFlcxuBXLGQm92QhXnYpTMQ7yJD4HA-VJdAf3QGlT4uifZomGWEIwe4DZGXYSKHPyF6v_FQqTA4345g6Q7_T-Kip2engPHkqMdKfDC0uo8JVypAlELLD9eFo3kUt70e43Yfdy3AOGClg7OP0NP9mnvdgRHOcCowh-kzi4HvH3ayJw==&xkcb=SoAD6_M3G51XFIgP270PbzkdCdPP&p=4&fvj=1&vjs=3,not available
maintenance electrician,job_6f5139b8bc9ebd94,https://ie.indeed.com/rc/clk?jk=6f5139b8bc9ebd94&bb=NkdGrQrMpKsY6H0s0jCFlUFvEVO_MKEoV7HNbFHfAfr5_Lp1JGdqs4wZ2HyoUW99TX_R3Vz27_G0NLqlmwbttekseYHoCwidFBAcfF-dvVQ%3D&xkcb=SoBD67M3G51XFIgP270ObzkdCdPP&fccid=ab58396f27c4af5c&vjs=3,"Employer
Active 6 days ago"
electrical lead technician,job_f75f694878cfd50f,https://ie.indeed.com/rc/clk?jk=f75f694878cfd50f&bb=NkdGrQrMpKsY6H0s0jCFlcLboDrPGHA-jNp-_jkXkkyeoRETKTlYOX6SEXjhYNuYLIpgMab07jdjVUIcHspFynoARb_6UTou3d82ZgrErqM%3D&xkcb=SoDe67M3G51XFIgP270NbzkdCdPP&fccid=af06679e2c1feb0a&vjs=3,Posted 30+ days ago
electrical tester,job_892bec7f510d3049,https://ie.indeed.com/rc/clk?jk=892bec7f510d3049&bb=NkdGrQrMpKsY6H0s0jCFlQiB0L2tpBugYZUIjbteUHAsznvsZPuo0_8fQzznYXhoblxKVcuHVcwJlBGuh6ax6yIfclvhPKa54sBmB4eSklU%3D&xkcb=SoBq67M3G51XFIgP270MbzkdCdPP&fccid=8c0b325795c8a579&vjs=3,"Employer
Active 29 days ago"
maintenance technician m/f,job_b1c784f7fff03efe,https://ie.indeed.com/rc/clk?jk=b1c784f7fff03efe&bb=NkdGrQrMpKsY6H0s0jCFlT51hpTb6VPrONN_Z3gZiZFBGmXeQ-me6JYNaahDA5bbyQRuxxD8DBndt_YWRD8mljYFGDPovp4QN9mtLRvfW3U%3D&xkcb=SoCD67M3G51XFIgP270DbzkdCdPP&fccid=7416e5d640f2dbc4&vjs=3,Posted 30+ days ago
commissioning electrician,job_2a5e199ef960cb76,https://ie.indeed.com/rc/clk?jk=2a5e199ef960cb76&bb=NkdGrQrMpKsY6H0s0jCFldbBJNoRO77Y9w-y7Bwxgp2RTfMRkSsMETZidePZcOpO3VaQWZnGynIGWi5DMfKmLZQCskLx2fWrZjQifjnilyc%3D&xkcb=SoA367M3G51XFIgP270CbzkdCdPP&fccid=be026d1bfb342bcd&vjs=3,Posted 30+ days ago
electrician,job_0fbbcea97b628e75,https://ie.indeed.com/rc/clk?jk=0fbbcea97b628e75&bb=NkdGrQrMpKsY6H0s0jCFladzBdK5QPiehpDnaob73CtSobcRJmbcRk_cH50BrWbuRnyyrcvGuDKiJKU7qAIji9Qni9T_Kmhlww_3K-YUk8s%3D&xkcb=SoCq67M3G51XFIgP270BbzkdCdPP&fccid=be026d1bfb342bcd&vjs=3,Posted 30+ days ago
electrical technician- dublin,job_b5ef0537e8588e55,https://ie.indeed.com/rc/clk?jk=b5ef0537e8588e55&bb=NkdGrQrMpKsY6H0s0jCFlS8t1XukGVBWKmLDUiB7js6CKlT66AWc_80NQKo3jebdNb4zB6m2FgrbkgAJ0eZoePHNrXljJZ0E0Mh43XJv4Q0%3D&xkcb=SoAe67M3G51XFIgP270AbzkdCdPP&fccid=c76cf391623e0302&vjs=3,Posted 30+ days ago
automotive electrician,job_e0b14c12cd02e301,https://ie.indeed.com/rc/clk?jk=e0b14c12cd02e301&bb=NkdGrQrMpKsY6H0s0jCFlapY3QlgGLfjgDjSNtbujtfHuJ5xGJxbUsl7fHsAxdqWta9lMoT73m5Gur3zkJCVJ2l1FixGO5-eznlTVK8WCK0%3D&xkcb=SoCQ67M3G51XFIgP270HbzkdCdPP&fccid=0be1665b3a9fc3c0&vjs=3,Posted 30+ days ago
maintenance electrician - ringsend wwtw,job_4d99eb3709edf2d6,https://ie.indeed.com/rc/clk?jk=4d99eb3709edf2d6&bb=NkdGrQrMpKsY6H0s0jCFlf-uVbyJmWFbD2FIonxSoncuQciZlpemVFQa91DI-Aum7ZMK2R_RSw6joUBWv9iIUgfSk8SmhAdZViK4Pj4DfSo%3D&xkcb=SoAk67M3G51XFIgP270GbzkdCdPP&fccid=1baa39e13b89d413&vjs=3,Posted 30+ days ago
electrician - dublin,sj_ff027deb913e2c1b,https://ie.indeed.com/pagead/clk?mo=r&ad=-6NYlbfkN0D9DvYpdG0J5_uKeYLBx_-mOzDouPC18YXy0QiSeSItrxC29Qwix2ADAyj7f-BHzkRDccQUDTSngqpsHktLDe-reCHFm2YdQp9jFRQa6bmOWmPzETPl5wYufQpkrNbV2VGpVzxRhz_F6ADTFx116dma4d_2GP0Q3eA1L3lX4ROW9ny1IoQIa7GD55VA8nMTX8Azyl3O_Bxjwzzw2VZqUfYWkfy9nxup_UAqHrJmslLRbgd05bH04wH-KWG8S3qewhJ0sWAiPiZqO2b2NajNl4Av4jgfQT6wa-2mZXI2id3o2Rd8s-klc9p6ZV0L0RvgqtTJqMkAvRtnKfugn3ntsKS9y6A9ZnVg4Px3fYkX0aAHj_p2E1aKlCwZ5D0t0qOAuENVT5iCvbJeK_p86GisXXiAzMQDnFr-DKL69vGTMVKaGQ8YbFVhbRDUCCkdywro4_DpjlVx6o0vmhOVhBlUCXQCJjIFCXn4ylzEHjbfD_C5ImeiciNymjHWKSF-5VHj4IDe0_4yxq8BSnPFBbvUCNXV-eQjTGDK5zB6vcIlvq3T2snjNGYGMaDMalJLn8hSp7PxY-lTESCOyaO0rfGFymzzVN06OFrhRnw_IQPC_y--k61CBQ7mGWNeNqOH5u_zNb3ZoYlWCavjpQ==&xkcb=SoBN6_M3G51XFIgP270FbzkdCdPP&p=14&fvj=1&vjs=3,not available
qualified electrician,sj_80b11f8ff8001443,https://ie.indeed.com/pagead/clk?mo=r&ad=-6NYlbfkN0Da920H820rnjfdWixN2eGnxDQ7VvJOFTu7EV53VpXwmPogUEGN2VBTov6-x5eDo0dxld23GThlWuGpNMsFbPiwfzdhpKf_m3iUWaNloe3-h8JqRHhIBMgoIt6g4YIHfbyGJ9GGBY0Mcv7OcO4BolJ_fLFL0ozrpTav4_nDT-yFj-hB8e3KJe4_0cd61KIYqKMLoXH1B9fcY-kbYA-sB-fOZz7W4CCstTS7TEko2vehPMzNRpiDuA_lhjjy8s34ihkU-7dDuWNMnFOxH3eSSuxyKEpZhU8_tFiViQSc06lAGqG9meNeJJgndJROIwOrsdUOxe4MWzNfc7F5M-_qjXrjA84GCojWjg2Wj43dDPZXC5Dzed6YL6jN2e_lhZzGpDSFktuQMBv8Z4Hec6vg915GhOwc6w0URcDdh6eYvJZ4AoT7w3FRGfvggQLJK3bo2ga3-w_aU9nzgMsgwmNKi1cEbg7spiot1k-QA42EMW3mwoQZyDKjAedM2RHAte05AYqctmROfWLBt9CU9hxsvZMLzvdEESHHN3a5ui8piN8vnk9OvSlICIYqmgMLxdVBGUPSaEsSSy-zKBxpOI2Ae39FSVAnUiTaGhkvV-kel4lXiOy91ZS4pPD869yuHY0YJNF6epoRw9Z_nw==&xkcb=SoAJ6_M3G51WA5Rrxx0LbzkdCdPP&p=0&fvj=1&vjs=3,not available
electrician,job_b34cbdba439e0c24,https://ie.indeed.com/rc/clk?jk=b34cbdba439e0c24&bb=Le7Hnij3w69_uhQRy0VEz6-nLzL0NOos8GxtG4LJpnu2BGOTVa5BofQSeIDpoJy6tVCnPS0immAYDZcaYhyvJVIOi1-Asl9j8LmeYOc0Duk%3D&xkcb=SoBJ67M3G51WA5Rrxx0KbzkdCdPP&fccid=d3f8fd202e6514d6&cmp=NGS-Mechanical-Services-Ltd&ti=Electrician&vjs=3,"Employer
Active 6 days ago"
domestic electrician,sj_c950f09febfa2516,https://ie.indeed.com/pagead/clk?mo=r&ad=-6NYlbfkN0DxID8El5kpcENk5DV1zjYMwyIYJttubiFDhmB4jqIBj6kHe_-y4RcQivp0t_SHezLbMKqCs2Ixr8ESONFmOwDQdBeJZnvfEOjMRQbeAjvT5G494o_N7xWRw2WRzaDDkP_4wt-YrcsK0ELFOrN6Tultsko8GzjMubz48HwrCupsoVQ6ts1vpPaBheStphRJOfomBcaC_7u11q1aHSY68DMX15ZeofYSFmGlxwt7k2w-L9n4z6WqVu5XQI1WaBAlkacCry5JpK7zZIEILXG8702Nm6J3wtTDLc8vrEGSbJm3_N_YN5T7BP9k7H2Vfk0dK45lLuBGgRxe3Fuu6PSKx3FVyslHIyYEx4-lgSPFI1e48udmCzHpi44WmSxdA6aJqzyuYinPcczIdYhzYRDKMNdrzJChGyoRob8zA6GoRetgAhyafRTvRjMQFcByW8TyPejb1gJbVVLPWTS9B3uv03v2TGH9gJaX_mBzdzPJCQAHjJd7njeA4GZpnHMMV1aBuyCeefLjaoa7RQg6cfC66lZkoyqoPlxEBIO5CMFF2HPswbUfeOLB0OH6XL0Rx2nH-wgcvfidykKVEJ7Cn35S8XIh0kW_JrfGJxhW-kn6bCNDj0UCF36z-2R383TfcUn_nZs=&xkcb=SoAg6_M3G51WA5Rrxx0JbzkdCdPP&p=2&fvj=1&vjs=3,not available
electrician - dublin,job_2cc962211d2463c3,https://ie.indeed.com/rc/clk?jk=2cc962211d2463c3&bb=Le7Hnij3w69_uhQRy0VEz6ihKMRgLBs4S8H-37UqPTAHxDAqRGt5d9PTw2yFHW68hTBOvpLfslq9PNclz4S6YMrhPpYQgJYNZ_kGUW-iQcI%3D&xkcb=SoBg67M3G51WA5Rrxx0IbzkdCdPP&fccid=efcac7db2bb1cd8a&vjs=3,Posted 30+ days ago
field service electrician,sj_90ebbed0877743c0,https://ie.indeed.com/pagead/clk?mo=r&ad=-6NYlbfkN0A_oRdrHk2Gnju5Bv86hB668H7J07LhQOPI0e5mUBBDqRmgw7lWYUa7Cp2ZoDlalJt51HqLABGXKQAoqdzKz4tQZ8_sctcQ-iDNW6Btzl4T5aJqR5hM0nHY3fPB1si4XtR-2NRIoxySv4xh12I6z_Z7TZzadUo0QrQ5r7ewLihSVHfOxbuvc-cYz1zbifxBJRbCtJ1yL1clAxvMujHdkzA2aL2ikFmDQQTKCJdOQGXuwoJjDl-sPfDtEqgXtGJOn-aQ6wiRWPUE_GquTz5gcglMX10DYkggPWUbz8iTqTEpN-P9nHyPgn6fODHVpsqb0KpyMRm0yu_OfvK0SYVVonIm9C4aU_PLvfwNX_O08YoOtkg0OWMeI7pO7QQwlQVxwNwFb_h9CFfFu1mCXmqZxebBNhb56BJT9XuqlALtpoKvpuQk-XZqsuijl3B4qyGgnwmHLst9WR5VxSo5Z4DpEi-bwDjNfFBi8eaHXbLLTD7qRWrpZV-lU2776eCGGh41rdSOu7R4Oaq2O0ZC_8GBp--YOu3G9TlkqU7spdY6Dx-Op8vBDpe7or5Y1OrOV3thdXnddKPj7Aqtf1HXWQ5L-DhWmx16MuJsMI-u_BFdfhtgROtfjidCBqCKanshiuVtz18ptePqHILQ7A==&xkcb=SoAa6_M3G51WA5Rrxx0PbzkdCdPP&p=4&fvj=1&vjs=3,not available
maintenance electrician,job_6f5139b8bc9ebd94,https://ie.indeed.com/rc/clk?jk=6f5139b8bc9ebd94&bb=Le7Hnij3w69_uhQRy0VEz6DCEA8xiN9nvTrzlUHX9jwiysTFtrzjgR2Wf6zTIM81WXVsgX1Q-U-t8QfhC7tomU7Lq7kGPw05piFVfVg5W3o%3D&xkcb=SoBa67M3G51WA5Rrxx0ObzkdCdPP&fccid=ab58396f27c4af5c&vjs=3,"Employer
Active 6 days ago"
electrical lead technician,job_f75f694878cfd50f,https://ie.indeed.com/rc/clk?jk=f75f694878cfd50f&bb=Le7Hnij3w69_uhQRy0VEz6dMy7wDzSwHjjCY-zaWhZdSoAYzGAH9QWl2-jzSG0anvppsh62w3_GXbzGx09iRzbFIqyyb-QgSBbR8-NiTxCQ%3D&xkcb=SoDH67M3G51WA5Rrxx0NbzkdCdPP&fccid=af06679e2c1feb0a&vjs=3,Posted 30+ days ago
electrical tester,job_892bec7f510d3049,https://ie.indeed.com/rc/clk?jk=892bec7f510d3049&bb=Le7Hnij3w69_uhQRy0VEz2SOly5IzTCnFi6kJJguGGVGfWZhBjUoFl1uwBf7nlvGtyDxz6PFwjUc1HLtkoNaSa9nFh25wQQ0rj50crOykGg%3D&xkcb=SoBz67M3G51WA5Rrxx0MbzkdCdPP&fccid=8c0b325795c8a579&vjs=3,"Employer
Active 29 days ago"
maintenance technician m/f,job_b1c784f7fff03efe,https://ie.indeed.com/rc/clk?jk=b1c784f7fff03efe&bb=Le7Hnij3w69_uhQRy0VEz7A1zr_LJc3-sr5Cj7jLEucYECvQFeb9-JW3eS-18SBMQJsE6M-YjYJg0ZuK2GCuq4KFWzTka-hRNBpf6wfU5LM%3D&xkcb=SoCa67M3G51WA5Rrxx0DbzkdCdPP&fccid=7416e5d640f2dbc4&vjs=3,Posted 30+ days ago
commissioning electrician,job_2a5e199ef960cb76,https://ie.indeed.com/rc/clk?jk=2a5e199ef960cb76&bb=Le7Hnij3w69_uhQRy0VEz81l4gX_NQPY1DQB2sAqDp_uTccH2fgMOX_ebZpTV1exOex_5PLzPO35pTciOSs2QLj3lEM-iOCx2D6K6wsIdPk%3D&xkcb=SoAu67M3G51WA5Rrxx0CbzkdCdPP&fccid=be026d1bfb342bcd&vjs=3,Posted 30+ days ago
electrician,job_0fbbcea97b628e75,https://ie.indeed.com/rc/clk?jk=0fbbcea97b628e75&bb=Le7Hnij3w69_uhQRy0VEzz95QqPOaOUGIQMmnsLESTPLVuEhjVaOXEj97BU23u0zJRLjc8CNyPKCcVjFBc-X1U17MEAHKoiLYjB6vVV21dA%3D&xkcb=SoCz67M3G51WA5Rrxx0BbzkdCdPP&fccid=be026d1bfb342bcd&vjs=3,Posted 30+ days ago
electrical technician- dublin,job_b5ef0537e8588e55,https://ie.indeed.com/rc/clk?jk=b5ef0537e8588e55&bb=Le7Hnij3w69_uhQRy0VEz4lyEkefJNjN3xeagm-TbbLXGBFkqnpW8AVCMefI5_BV1LRdb0hdXX3VzJh5yNoBBrR3_VKIjz5rZ_6QLnd5DOk%3D&xkcb=SoAH67M3G51WA5Rrxx0AbzkdCdPP&fccid=c76cf391623e0302&vjs=3,Posted 30+ days ago
automotive electrician,job_e0b14c12cd02e301,https://ie.indeed.com/rc/clk?jk=e0b14c12cd02e301&bb=Le7Hnij3w69_uhQRy0VEzzWJJAsc67IIYmf9t-IXjT_vJBnylkNVDJ-EaWPN_cCK9Ec9FJrzIxQ2_4awnv3GBxi3M4yYZTh8G4O86AimxF0%3D&xkcb=SoCJ67M3G51WA5Rrxx0HbzkdCdPP&fccid=0be1665b3a9fc3c0&vjs=3,Posted 30+ days ago
maintenance electrician - ringsend wwtw,job_4d99eb3709edf2d6,https://ie.indeed.com/rc/clk?jk=4d99eb3709edf2d6&bb=Le7Hnij3w69_uhQRy0VEz4wwbCHPWom5-R8LJKA2PXGd1sLtWN1tB9Ny8zKJK0aLO9G8J_38bdO5Sy8fWBf7s_Indft9dGsyxPROdUeXTM8%3D&xkcb=SoA967M3G51WA5Rrxx0GbzkdCdPP&fccid=1baa39e13b89d413&vjs=3,Posted 30+ days ago
electrician - dublin,sj_ff027deb913e2c1b,https://ie.indeed.com/pagead/clk?mo=r&ad=-6NYlbfkN0D9DvYpdG0J5_uKeYLBx_-mOzDouPC18YXy0QiSeSItrxC29Qwix2ADAyj7f-BHzkRDccQUDTSngqpsHktLDe-reCHFm2YdQp9jFRQa6bmOWmPzETPl5wYufQpkrNbV2VGpVzxRhz_F6ADTFx116dma4d_2GP0Q3eA1L3lX4ROW9ny1IoQIa7GDI0QT_akHLbzUwup3ZrujJHUyhmni1dP9gZyAJMucf80qYtIxJiRkZMF4_Okp7UNufaQ8a1QVo9k-OGAnYAIe_T1d-hYdxtV-ZRT9oZWL0D47Yx3sDUPuq2YbfM7m_lgHWwNOiCDyEJUEBQHOrXXh_kmbONQD-UWkUfknJurJU8d-KJIybodAKI8ULQrQLCzg_iUfT-CVCyDRL1oigrm6ZMyqyF9TsDO5xKf3uxP0FIOopfdnxPfQVa1Ds6u8oF3LPTYa-DrRnPV_ByLUxD3Hag7bBFDIYmKidJjUYDfzgb1uV9tfkitffc2jQ0OqatQvYnjlP1XvkMugDT7DGjWk1m9XlxIyH7hPYNugNSxloFrkPOzDyxDFoRm13zkMwGeCbYJRLx7LlY1MYHYpTIh2u36TWPw5YwHbXvazAddSRDWdkPPewljBhzOT1DD8npzBxJcUoceQrholMPbpfgtO9Q==&xkcb=SoBU6_M3G51WA5Rrxx0FbzkdCdPP&p=14&fvj=1&vjs=3,not available
